-- MySQL dump 10.15  Distrib 10.0.12-MariaDB, for Linux (x86_64)
--
-- Host: localhost    Database: dolmarpj_pmw
-- ------------------------------------------------------
-- Server version	10.0.12-MariaDB-log

/*!40101 SET @OLD_CHARACTER_SET_CLIENT=@@CHARACTER_SET_CLIENT */;
/*!40101 SET @OLD_CHARACTER_SET_RESULTS=@@CHARACTER_SET_RESULTS */;
/*!40101 SET @OLD_COLLATION_CONNECTION=@@COLLATION_CONNECTION */;
/*!40101 SET NAMES utf8 */;
/*!40103 SET @OLD_TIME_ZONE=@@TIME_ZONE */;
/*!40103 SET TIME_ZONE='+00:00' */;
/*!40014 SET @OLD_UNIQUE_CHECKS=@@UNIQUE_CHECKS, UNIQUE_CHECKS=0 */;
/*!40014 SET @OLD_FOREIGN_KEY_CHECKS=@@FOREIGN_KEY_CHECKS, FOREIGN_KEY_CHECKS=0 */;
/*!40101 SET @OLD_SQL_MODE=@@SQL_MODE, SQL_MODE='NO_AUTO_VALUE_ON_ZERO' */;
/*!40111 SET @OLD_SQL_NOTES=@@SQL_NOTES, SQL_NOTES=0 */;

--
-- Table structure for table `assignments`
--

DROP TABLE IF EXISTS `assignments`;
/*!40101 SET @saved_cs_client     = @@character_set_client */;
/*!40101 SET character_set_client = utf8 */;
CREATE TABLE `assignments` (
  `id` int(10) unsigned NOT NULL AUTO_INCREMENT,
  `assignable_type` varchar(255) COLLATE utf8_unicode_ci NOT NULL,
  `assignable_id` int(10) unsigned NOT NULL,
  `user_id` int(10) unsigned NOT NULL,
  `assigned_at` datetime NOT NULL,
  PRIMARY KEY (`id`),
  KEY `assignments_assignable_type_index` (`assignable_type`),
  KEY `assignments_assignable_id_index` (`assignable_id`)
) ENGINE=InnoDB AUTO_INCREMENT=219 DEFAULT CHARSET=utf8 COLLATE=utf8_unicode_ci;
/*!40101 SET character_set_client = @saved_cs_client */;

--
-- Dumping data for table `assignments`
--

LOCK TABLES `assignments` WRITE;
/*!40000 ALTER TABLE `assignments` DISABLE KEYS */;
INSERT INTO `assignments` VALUES (12,'Project',2,0,'2013-03-24 00:25:35'),(13,'Project',3,0,'2013-03-24 01:22:18'),(17,'Project',7,0,'2013-03-28 20:59:32'),(70,'Project',7,1,'2013-03-29 02:11:07'),(71,'Project',7,15,'2013-03-29 02:11:07'),(74,'Milestone',2,0,'2013-04-02 22:08:18'),(75,'Milestone',2,1,'2013-04-02 22:08:18'),(76,'Milestone',3,0,'2013-04-02 22:12:14'),(77,'Milestone',4,0,'2013-04-02 22:13:17'),(78,'Milestone',4,1,'2013-04-02 22:13:17'),(79,'Milestone',5,0,'2013-04-02 22:21:01'),(80,'Milestone',5,1,'2013-04-02 22:21:01'),(81,'Milestone',6,0,'2013-04-02 22:21:44'),(82,'Milestone',6,1,'2013-04-02 22:21:44'),(83,'Milestone',7,0,'2013-04-02 22:22:32'),(84,'Milestone',7,1,'2013-04-02 22:22:32'),(118,'Task',20,1,'2013-04-05 16:00:08'),(119,'Task',21,1,'2013-04-05 16:00:33'),(120,'Task',22,1,'2013-04-05 16:00:55'),(121,'Task',23,1,'2013-04-05 16:09:06'),(124,'Task',26,1,'2013-04-05 16:11:16'),(126,'Milestone',1,1,'2013-04-05 22:28:44'),(127,'Milestone',1,15,'2013-04-05 22:28:44'),(134,'Task',6,15,'2013-04-06 02:19:59'),(136,'Task',8,1,'2013-04-06 02:21:51'),(137,'Task',6,1,'2013-04-06 20:42:22'),(142,'Milestone',2,9,'2013-04-06 23:41:37'),(145,'Task',23,9,'2013-04-09 20:55:24'),(146,'Task',23,13,'2013-04-09 20:55:24'),(147,'Task',23,10,'2013-04-09 20:55:24'),(148,'Milestone',9,1,'2013-04-09 21:19:14'),(149,'Milestone',14,9,'2013-04-10 15:54:58'),(150,'Task',26,11,'2013-04-10 15:59:42'),(155,'Milestone',16,1,'2013-04-30 07:48:49'),(156,'Milestone',17,1,'2013-04-30 08:30:51'),(186,'Project',21,1,'2013-05-03 00:22:01'),(187,'Project',21,15,'2013-05-03 00:22:01'),(189,'Milestone',59,1,'2013-05-03 00:28:58'),(190,'Milestone',60,15,'2013-05-03 00:29:36'),(191,'Task',28,1,'2013-05-03 00:36:25'),(192,'Project',21,18,'2013-05-03 08:40:34'),(193,'Project',21,9,'2013-05-03 08:40:34'),(194,'Project',21,11,'2013-05-03 08:40:34'),(195,'Project',31,1,'2013-05-03 08:46:53'),(196,'Project',31,15,'2013-05-03 08:46:53'),(197,'Project',31,18,'2013-05-03 08:46:53'),(198,'Project',31,9,'2013-05-03 08:46:53'),(199,'Project',31,12,'2013-05-03 08:46:53'),(200,'Project',31,13,'2013-05-03 08:46:53'),(201,'Milestone',61,1,'2013-05-03 08:52:52'),(202,'Milestone',61,13,'2013-05-03 08:52:52'),(203,'Milestone',62,9,'2013-05-03 08:53:38'),(204,'Milestone',62,13,'2013-05-03 08:53:38'),(205,'Milestone',62,12,'2013-05-03 09:53:27'),(206,'Milestone',62,18,'2013-05-03 09:53:27'),(207,'Task',29,9,'2013-05-03 11:11:55'),(208,'Milestone',61,9,'2013-05-03 11:12:35'),(209,'Task',30,9,'2013-05-03 11:14:30'),(210,'Task',50,9,'2013-05-03 11:23:48'),(211,'Task',50,1,'2013-05-03 11:25:26'),(212,'Task',51,1,'2013-05-03 12:14:59'),(213,'Milestone',62,15,'2013-05-03 12:27:04'),(214,'Task',52,1,'2013-05-03 15:14:46'),(215,'Task',52,15,'2013-05-03 15:14:46'),(216,'Project',32,1,'2013-05-03 15:23:16'),(217,'Project',32,18,'2013-05-03 15:23:16'),(218,'Project',32,15,'2013-05-03 15:23:16');
/*!40000 ALTER TABLE `assignments` ENABLE KEYS */;
UNLOCK TABLES;

--
-- Table structure for table `comments`
--

DROP TABLE IF EXISTS `comments`;
/*!40101 SET @saved_cs_client     = @@character_set_client */;
/*!40101 SET character_set_client = utf8 */;
CREATE TABLE `comments` (
  `id` int(10) unsigned NOT NULL AUTO_INCREMENT,
  `commentable_id` int(10) unsigned NOT NULL,
  `commentable_type` varchar(255) COLLATE utf8_unicode_ci NOT NULL,
  `user_id` int(10) unsigned NOT NULL,
  `content` text COLLATE utf8_unicode_ci NOT NULL,
  `created_at` timestamp NOT NULL DEFAULT '0000-00-00 00:00:00',
  `updated_at` timestamp NOT NULL DEFAULT '0000-00-00 00:00:00',
  PRIMARY KEY (`id`),
  KEY `comments_commentable_id_index` (`commentable_id`),
  KEY `comments_commentable_type_index` (`commentable_type`)
) ENGINE=InnoDB AUTO_INCREMENT=99 DEFAULT CHARSET=utf8 COLLATE=utf8_unicode_ci;
/*!40101 SET character_set_client = @saved_cs_client */;

--
-- Dumping data for table `comments`
--

LOCK TABLES `comments` WRITE;
/*!40000 ALTER TABLE `comments` DISABLE KEYS */;
INSERT INTO `comments` VALUES (1,1,'Page',1,'\n				Lorem ipsum dolor sit amet, consectetur adipiscing elit. Quisque a risus vel nulla feugiat dictum. Nunc faucibus ante augue, vel convallis erat. Vestibulum id gravida massa. Duis non elit risus. Lorem ipsum dolor sit amet, consectetur adipiscing elit. Pellentesque velit nisi, sollicitudin at sodales non, dignissim ultrices metus. Nulla dapibus orci vel turpis tincidunt pretium. Maecenas eu metus ut dui molestie hendrerit. Integer luctus sodales mattis. Cras pellentesque rutrum sem vitae rhoncus. Class aptent taciti sociosqu ad litora torquent per conubia nostra, per inceptos himenaeos. Donec at orci in eros egestas sagittis. Maecenas ut magna libero, ut hendrerit augue. Morbi placerat nunc venenatis libero venenatis consectetur. Sed mattis vestibulum tortor et ullamcorper. Ut eu accumsan tellus.			','2013-03-22 00:00:00','2013-04-02 14:41:33'),(2,1,'Page',1,'\n			Lorem ipsum dolor sit amet, consectetur adipiscing elit. Quisque a risus vel nulla feugiat dictum. Nunc faucibus ante augue, vel convallis erat. Vestibulum id gravida massa. Duis non elit risus. Lorem ipsum dolor sit amet, consectetur adipiscing elit. Pellentesque velit nisi, sollicitudin at sodales non, dignissim ultrices metus. Nulla dapibus orci vel turpis tincidunt pretium. Maecenas eu metus ut dui molestie hendrerit. Integer luctus sodales mattis. Cras pellentesque rutrum sem vitae rhoncus. Class aptent taciti sociosqu ad litora torquent per conubia nostra, per inceptos himenaeos. Donec at orci in eros egestas sagittis. Maecenas ut magna libero, ut hendrerit augue. Morbi placerat nunc venenatis libero venenatis consectetur. Sed mattis vestibulum tortor et ullamcorper. Ut eu accumsan tellus.		','2013-03-23 00:00:00','2013-04-11 12:37:34'),(5,1,'Page',1,'test','2013-03-23 01:33:06','2013-03-23 01:33:06'),(6,1,'Page',1,'new test','2013-03-23 01:33:40','2013-03-23 01:33:40'),(7,1,'Page',1,'woooooooooooho','2013-03-23 01:33:48','2013-03-23 01:33:48'),(8,1,'Page',1,'asdgsdagsag asdfasdfasdf','2013-03-23 01:33:53','2013-03-23 20:38:32'),(9,1,'Page',1,'asdgasdgsadg asdf','2013-03-23 01:33:58','2013-03-24 02:12:44'),(10,1,'Page',1,'sadgasdgasdg','2013-03-23 01:34:02','2013-03-23 01:34:02'),(11,1,'Page',1,'asdgsadgasdg','2013-03-23 01:34:06','2013-03-23 01:34:06'),(12,1,'Page',1,'asdgasdgasdg asdf','2013-03-23 01:34:10','2013-03-24 02:13:49'),(13,1,'Page',1,'asdgasdgasdg','2013-03-23 01:34:15','2013-03-23 01:34:15'),(14,1,'Page',1,'Potenti nam volutpat et vivamus justo phasellus. Consectetuer massa dapibus. Varius curae dictumst. Porttitor duis aenean ut sapien eros parturient. Tempus morbi turpis diam mollis class suscipit. Mollis ut mauris. Tortor class pretium vitae tortor nisi tristique. Scelerisque cum pretium mi montes curae rhoncus. Adipiscing odio tincidunt. Cubilia et inceptos purus cubilia. Auctor amet tristique hac facilisi velit conubia. Sapien metus integer justo consectetuer erat fermentum. Senectus per ullamcorper. Suscipit etiam dignissim. Convallis nisi senectus. Ultricies hac pharetra urna consequat nulla dignissim. Gravida neque sapien risus sodales netus curabitur. Maecenas magna hymenaeos. Tristique nunc posuere. Lobortis est platea ut semper mus mollis. Parturient sed sociis at ultrices quam auctor. Sociosqu elit mauris fames laoreet. Ligula purus penatibus est libero. Fringilla ante rutrum nulla ullamcorper. Dignissim eros semper hac varius nunc litora. Pulvinar dolor scelerisque. Torquent netus lacinia mus lobortis orci mattis. Potenti enim interdum ad rhoncus erat nullam. Potenti amet suscipit non semper enim tincidunt. Praesent sem ullamcorper. Nonummy morbi commodo dui convallis. Dictum ut nascetur sem malesuada. Lectus per montes urna tempor magna euismod. Nullam pede integer eu posuere. Imperdiet dis iaculis eros pharetra. Aliquam et ornare urna aenean. Again. 2','2013-03-23 01:40:09','2013-03-23 21:49:08'),(15,1,'Page',15,'Sup bitches ??? i mean','2013-03-23 01:56:12','2013-03-23 21:55:20'),(16,1,'Page',15,'I like trains','2013-03-23 17:45:36','2013-03-23 21:54:57'),(17,1,'Page',1,'hjgjjhgj','2013-03-25 12:33:41','2013-03-25 12:33:41'),(18,4,'Page',1,'ghgfhjg','2013-03-25 12:34:23','2013-03-25 12:34:23'),(19,4,'Page',1,'again','2013-03-25 13:17:53','2013-03-25 13:17:53'),(20,4,'Page',1,'once more\n','2013-03-25 13:18:06','2013-03-26 23:13:46'),(21,9,'Page',1,'asdsdfsadf','2013-03-25 13:45:29','2013-03-25 13:45:29'),(22,1,'Milestone',1,'asdfsadf','2013-04-02 21:18:21','2013-04-02 21:18:21'),(23,1,'Milestone',1,'asdfasdf\r\nASDfasdfasdf \r\nasdfasdf \r\nASdfasdf','2013-04-02 23:42:17','2013-04-02 23:42:17'),(24,20,'Page',1,'asdfsadfasd asd','2013-04-03 18:25:23','2013-04-10 15:50:16'),(28,1,'Milestone',1,'asdas','2013-04-05 11:39:27','2013-04-05 11:39:27'),(31,25,'Task',1,'test','2013-04-09 18:33:46','2013-04-09 18:33:46'),(32,10,'Milestone',1,'test','2013-04-09 20:27:22','2013-04-09 20:27:22'),(33,10,'Milestone',1,'once more','2013-04-09 20:27:29','2013-04-09 20:27:29'),(34,10,'Milestone',1,'test 2','2013-04-09 20:27:33','2013-04-09 20:27:47'),(35,5,'FileDB',1,'asdfasdf','2013-04-10 21:21:41','2013-04-10 21:21:41'),(36,5,'FileDB',1,'asdsadf','2013-04-10 21:21:53','2013-04-10 21:21:53'),(38,6,'FileDB',1,'adfasdf','2013-04-10 21:43:42','2013-04-10 21:43:42'),(39,6,'FileDB',1,'asdfasdfsdf','2013-04-10 21:43:50','2013-04-10 21:43:50'),(40,6,'FileDB',1,'sdafasdfasdfasdf','2013-04-10 21:43:57','2013-04-10 21:43:57'),(41,6,'FileDB',1,'asdfasdf','2013-04-10 21:44:01','2013-04-10 21:44:01'),(42,6,'FileDB',1,'asfasdfsadf','2013-04-10 21:44:05','2013-04-10 21:44:05'),(43,6,'FileDB',1,'afasdfasdf','2013-04-10 21:44:09','2013-04-10 21:44:09'),(44,6,'FileDB',1,'asdfasdf','2013-04-10 21:44:13','2013-04-10 21:44:13'),(45,6,'FileDB',1,'asdfasdfasdf','2013-04-10 21:44:17','2013-04-10 21:44:17'),(46,6,'FileDB',1,'asdfasdfasdf','2013-04-10 21:44:22','2013-04-10 21:44:22'),(47,6,'FileDB',1,'asdfasdfasdf','2013-04-10 21:44:26','2013-04-10 21:44:26'),(48,6,'FileDB',1,'asdfasdfasdf','2013-04-10 21:44:31','2013-04-10 21:44:31'),(49,1,'Thread',1,'huja huja','2013-04-11 18:50:23','2013-04-11 18:50:23'),(50,25,'FileDB',1,'asdfasdf','2013-04-11 18:58:37','2013-04-11 18:58:37'),(51,1,'Thread',1,'asdasdf\r\n','2013-04-11 21:53:24','2013-04-11 21:53:24'),(52,1,'Thread',1,'asdfasdf','2013-04-11 21:53:27','2013-04-11 21:53:27'),(53,1,'Thread',1,'asdfasdf test <b>asd</b>','2013-04-11 21:53:29','2013-04-25 00:18:27'),(54,1,'Thread',1,'asdfasdf','2013-04-11 21:53:33','2013-04-11 21:53:33'),(55,1,'Thread',1,'asdfasdf','2013-04-11 21:53:37','2013-04-11 21:53:37'),(56,1,'Thread',1,'asdfasdf','2013-04-11 21:53:44','2013-04-11 21:53:44'),(57,1,'Thread',1,'asdfasdf asdasdf','2013-04-11 21:53:47','2013-04-11 21:54:33'),(58,1,'Thread',1,'asdfasdf <strong>asdfsdaf</strong>','2013-04-11 21:53:51','2013-04-18 09:59:27'),(59,1,'Thread',1,'asdfasdf','2013-04-11 21:53:55','2013-04-11 21:53:55'),(60,1,'Thread',1,'asdfasdf asfdasdf','2013-04-11 21:53:59','2013-04-18 09:42:23'),(61,1,'Thread',15,'w3etre','2013-04-11 22:36:52','2013-04-11 22:36:52'),(62,20,'Page',15,'<strong>dfgdf</strong>','2013-04-18 09:44:51','2013-04-18 09:49:27'),(63,21,'Page',15,'asdf','2013-04-18 09:51:25','2013-04-18 09:51:25'),(64,19,'Task',1,'asdfsadf','2013-04-25 13:41:20','2013-04-25 13:41:20'),(65,19,'Task',1,'asdfasdf','2013-04-25 13:41:22','2013-04-25 13:41:22'),(66,19,'Task',1,'asdfasdf','2013-04-25 13:41:24','2013-04-25 13:41:24'),(67,19,'Task',1,'asdfasdf','2013-04-25 13:41:26','2013-04-25 13:41:26'),(68,19,'Task',1,'asdfasdf','2013-04-25 13:41:31','2013-04-25 13:41:31'),(69,19,'Task',1,'asdfsadf','2013-04-25 13:41:34','2013-04-25 13:41:34'),(70,18,'Task',1,'asdfasdfasdf\r\n','2013-04-25 13:49:32','2013-04-25 13:49:32'),(71,18,'Task',1,'asdfasdf','2013-04-25 13:49:34','2013-04-25 13:49:34'),(72,18,'Task',1,'asdfsadfasdf','2013-04-25 13:49:36','2013-04-25 13:49:36'),(73,18,'Task',1,'asdfasdfsadf','2013-04-25 13:49:38','2013-04-25 13:49:38'),(74,18,'Task',1,'asdfasdfasdf','2013-04-25 13:49:44','2013-04-25 13:49:44'),(76,62,'Milestone',18,'So much work needs to be done !','2013-05-03 09:45:04','2013-05-03 09:45:04'),(77,51,'Task',18,'Sarunas could you start working on your task, faster I cant continue with mine tasks.','2013-05-03 09:45:44','2013-05-03 09:45:44'),(78,18,'Thread',18,'Thats true we could change it ! Yes !','2013-05-03 09:46:05','2013-05-03 09:57:35'),(80,62,'Milestone',1,'The faster we start the faster we finish','2013-05-03 09:49:44','2013-05-03 09:49:44'),(81,18,'Thread',1,'Lorem ipsum dolor sit amet, consectetur adipiscing elit. Cras sodales dapibus imperdiet. Donec vestibulum luctus velit, nec sodales quam faucibus nec. Nam sed sapien vitae urna ornare luctus. Quisque convallis, sapien a commodo ultrices, sapien leo consequat turpis, vel rutrum mi urna sit amet elit. Nulla facilisi. Donec nec elit et mi varius ultrices. In varius ipsum nec urna suscipit sed venenatis dolor vulputate. Maecenas eget nisi quis dolor sagittis ornare consectetur sit amet est. Nam vulputate bibendum aliquam. Nunc nec varius arcu. Nunc sit amet mi dui, vel pharetra ipsum. Mauris aliquam dolor libero. Nulla faucibus, arcu in hendrerit euismod, elit sem vestibulum sapien, ac luctus magna tellus at lectus. Aliquam ut eros quis lectus facilisis egestas. Ajax','2013-05-03 09:50:49','2013-05-03 12:15:50'),(83,24,'Page',1,'Lorem ipsum dolor sit amet, consectetur adipiscing elit. Cras sodales dapibus imperdiet. Donec vestibulum luctus velit, nec sodales quam faucibus nec. Nam sed sapien vitae urna ornare luctus. Quisque convallis, sapien a commodo ultrices, sapien leo consequat turpis, vel rutrum mi urna sit amet elit. Nulla facilisi. Donec nec elit et mi varius ultrices. In varius ipsum nec urna suscipit sed venenatis dolor vulputate. Maecenas eget nisi quis dolor sagittis ornare consectetur sit amet est. Nam vulputate bibendum aliquam. Nunc nec varius arcu. Nunc sit amet mi dui, vel pharetra ipsum. Mauris aliquam dolor libero. Nulla faucibus, arcu in hendrerit euismod, elit sem vestibulum sapien, ac luctus magna tellus at lectus. Aliquam ut eros quis lectus facilisis egestas.','2013-05-03 09:55:14','2013-05-03 09:55:14'),(84,24,'Page',1,'I agree','2013-05-03 09:55:21','2013-05-03 09:55:21'),(85,23,'Page',18,'Lorem ipsum dolor sit amet, consectetur adipiscing elit. Cras sodales dapibus imperdiet. Donec vestibulum luctus velit, nec sodales quam faucibus nec. Nam sed sapien vitae urna ornare luctus. Quisque convallis, sapien a commodo ultrices, sapien leo consequat turpis, vel rutrum mi urna sit amet elit. Nulla facilisi. Donec nec elit et mi varius ultrices. In varius ipsum nec urna suscipit sed venenatis dolor vulputate. Maecenas eget nisi quis dolor sagittis ornare consectetur sit amet est. Nam vulputate bibendum aliquam. Nunc nec varius arcu. Nunc sit amet mi dui, vel pharetra ipsum. Mauris aliquam dolor libero. Nulla faucibus, arcu in hendrerit euismod, elit sem vestibulum sapien, ac luctus magna tellus at lectus. Aliquam ut eros quis lectus facilisis egestas.','2013-05-03 09:56:24','2013-05-03 09:56:24'),(86,51,'Task',9,'He is busy, give him some time !','2013-05-03 10:01:47','2013-05-03 10:01:47'),(87,51,'Task',1,'Ok sorry, I will start doing it right now.','2013-05-03 10:02:23','2013-05-03 10:02:23'),(88,18,'Thread',1,'Lorem ipsum dolor sit amet, consectetur adipiscing elit. Cras sodales dapibus imperdiet. Donec vestibulum luctus velit, nec sodales quam faucibus nec. Nam sed sapien vitae urna ornare luctus. Quisque convallis, sapien a commodo ultrices, sapien leo consequat turpis, vel rutrum mi urna sit amet elit. Nulla facilisi. Donec nec elit et mi varius ultrices. In varius ipsum nec urna suscipit sed venenatis dolor vulputate. Maecenas eget nisi quis dolor sagittis ornare consectetur sit amet est. Nam vulputate bibendum aliquam. Nunc nec varius arcu. Nunc sit amet mi dui, vel pharetra ipsum. Mauris aliquam dolor libero. Nulla faucibus, arcu in hendrerit euismod, elit sem vestibulum sapien, ac luctus magna tellus at lectus. Aliquam ut eros quis lectus facilisis egestas.\r\n','2013-05-03 10:04:22','2013-05-03 10:04:22'),(89,18,'Thread',1,'Lorem ipsum dolor sit amet, consectetur adipiscing elit. Cras sodales dapibus imperdiet. Donec vestibulum luctus velit, nec sodales quam faucibus nec. Nam sed sapien vitae urna ornare luctus. Quisque convallis, sapien a commodo ultrices, sapien leo consequat turpis, vel rutrum mi urna sit amet elit. Nulla facilisi. Donec nec elit et mi varius ultrices. In varius ipsum nec urna suscipit sed venenatis dolor vulputate. Maecenas eget nisi quis dolor sagittis ornare consectetur sit amet est. Nam vulputate bibendum aliquam. Nunc nec varius arcu. Nunc sit amet mi dui, vel pharetra ipsum. Mauris aliquam dolor libero. Nulla faucibus, arcu in hendrerit euismod, elit sem vestibulum sapien, ac luctus magna tellus at lectus. Aliquam ut eros quis lectus facilisis egestas.','2013-05-03 10:04:26','2013-05-03 10:04:26'),(90,18,'Thread',1,'Lorem ipsum dolor sit amet, consectetur adipiscing elit. Cras sodales dapibus imperdiet. Donec vestibulum luctus velit, nec sodales quam faucibus nec. Nam sed sapien vitae urna ornare luctus. Quisque convallis, sapien a commodo ultrices, sapien leo consequat turpis, vel rutrum mi urna sit amet elit. Nulla facilisi. Donec nec elit et mi varius ultrices. In varius ipsum nec urna suscipit sed venenatis dolor vulputate. Maecenas eget nisi quis dolor sagittis ornare consectetur sit amet est. Nam vulputate bibendum aliquam. Nunc nec varius arcu. Nunc sit amet mi dui, vel pharetra ipsum. Mauris aliquam dolor libero. Nulla faucibus, arcu in hendrerit euismod, elit sem vestibulum sapien, ac luctus magna tellus at lectus. Aliquam ut eros quis lectus facilisis egestas.','2013-05-03 10:04:29','2013-05-03 10:04:29'),(91,18,'Thread',1,'Lorem ipsum dolor sit amet, consectetur adipiscing elit. Cras sodales dapibus imperdiet. Donec vestibulum luctus velit, nec sodales quam faucibus nec. Nam sed sapien vitae urna ornare luctus. Quisque convallis, sapien a commodo ultrices, sapien leo consequat turpis, vel rutrum mi urna sit amet elit. Nulla facilisi. Donec nec elit et mi varius ultrices. In varius ipsum nec urna suscipit sed venenatis dolor vulputate. Maecenas eget nisi quis dolor sagittis ornare consectetur sit amet est. Nam vulputate bibendum aliquam. Nunc nec varius arcu. Nunc sit amet mi dui, vel pharetra ipsum. Mauris aliquam dolor libero. Nulla faucibus, arcu in hendrerit euismod, elit sem vestibulum sapien, ac luctus magna tellus at lectus. Aliquam ut eros quis lectus facilisis egestas.','2013-05-03 10:04:32','2013-05-03 10:04:32'),(92,18,'Thread',9,'Lorem ipsum dolor sit amet, consectetur adipiscing elit. Cras sodales dapibus imperdiet. Donec vestibulum luctus velit, nec sodales quam faucibus nec. Nam sed sapien vitae urna ornare luctus. Quisque convallis, sapien a commodo ultrices, sapien leo consequat turpis, vel rutrum mi urna sit amet elit. Nulla facilisi. Donec nec elit et mi varius ultrices. In varius ipsum nec urna suscipit sed venenatis dolor vulputate. Maecenas eget nisi quis dolor sagittis ornare consectetur sit amet est. Nam vulputate bibendum aliquam. Nunc nec varius arcu. Nunc sit amet mi dui, vel pharetra ipsum. Mauris aliquam dolor libero. Nulla faucibus, arcu in hendrerit euismod, elit sem vestibulum sapien, ac luctus magna tellus at lectus. Aliquam ut eros quis lectus facilisis egestas.','2013-05-03 10:04:44','2013-05-03 10:04:44'),(93,18,'Thread',9,'Lorem ipsum dolor sit amet, consectetur adipiscing elit. Cras sodales dapibus imperdiet. Donec vestibulum luctus velit, nec sodales quam faucibus nec. Nam sed sapien vitae urna ornare luctus. Quisque convallis, sapien a commodo ultrices, sapien leo consequat turpis, vel rutrum mi urna sit amet elit. Nulla facilisi. Donec nec elit et mi varius ultrices. In varius ipsum nec urna suscipit sed venenatis dolor vulputate. Maecenas eget nisi quis dolor sagittis ornare consectetur sit amet est. Nam vulputate bibendum aliquam. Nunc nec varius arcu. Nunc sit amet mi dui, vel pharetra ipsum. Mauris aliquam dolor libero. Nulla faucibus, arcu in hendrerit euismod, elit sem vestibulum sapien, ac luctus magna tellus at lectus. Aliquam ut eros quis lectus facilisis egestas.','2013-05-03 10:04:47','2013-05-03 10:04:47'),(94,18,'Thread',9,'Lorem ipsum dolor sit amet, consectetur adipiscing elit. Cras sodales dapibus imperdiet. Donec vestibulum luctus velit, nec sodales quam faucibus nec. Nam sed sapien vitae urna ornare luctus. Quisque convallis, sapien a commodo ultrices, sapien leo consequat turpis, vel rutrum mi urna sit amet elit. Nulla facilisi. Donec nec elit et mi varius ultrices. In varius ipsum nec urna suscipit sed venenatis dolor vulputate. Maecenas eget nisi quis dolor sagittis ornare consectetur sit amet est. Nam vulputate bibendum aliquam. Nunc nec varius arcu. Nunc sit amet mi dui, vel pharetra ipsum. Mauris aliquam dolor libero. Nulla faucibus, arcu in hendrerit euismod, elit sem vestibulum sapien, ac luctus magna tellus at lectus. Aliquam ut eros quis lectus facilisis egestas.','2013-05-03 10:04:49','2013-05-03 10:04:49'),(95,18,'Thread',9,'Lorem ipsum dolor sit amet, consectetur adipiscing elit. Cras sodales dapibus imperdiet. Donec vestibulum luctus velit, nec sodales quam faucibus nec. Nam sed sapien vitae urna ornare luctus. Quisque convallis, sapien a commodo ultrices, sapien leo consequat turpis, vel rutrum mi urna sit amet elit. Nulla facilisi. Donec nec elit et mi varius ultrices. In varius ipsum nec urna suscipit sed venenatis dolor vulputate. Maecenas eget nisi quis dolor sagittis ornare consectetur sit amet est. Nam vulputate bibendum aliquam. Nunc nec varius arcu. Nunc sit amet mi dui, vel pharetra ipsum. Mauris aliquam dolor libero. Nulla faucibus, arcu in hendrerit euismod, elit sem vestibulum sapien, ac luctus magna tellus at lectus. Aliquam ut eros quis lectus facilisis egestas.','2013-05-03 10:04:52','2013-05-03 10:04:52'),(96,18,'Thread',9,'Lorem ipsum dolor sit amet, consectetur adipiscing elit. Cras sodales dapibus imperdiet. Donec vestibulum luctus velit, nec sodales quam faucibus nec. Nam sed sapien vitae urna ornare luctus. Quisque convallis, sapien a commodo ultrices, sapien leo consequat turpis, vel rutrum mi urna sit amet elit. Nulla facilisi. Donec nec elit et mi varius ultrices. In varius ipsum nec urna suscipit sed venenatis dolor vulputate. Maecenas eget nisi quis dolor sagittis ornare consectetur sit amet est. Nam vulputate bibendum aliquam. Nunc nec varius arcu. Nunc sit amet mi dui, vel pharetra ipsum. Mauris aliquam dolor libero. Nulla faucibus, arcu in hendrerit euismod, elit sem vestibulum sapien, ac luctus magna tellus at lectus. Aliquam ut eros quis lectus facilisis egestas.','2013-05-03 10:04:55','2013-05-03 10:04:55'),(97,18,'Thread',9,'Lorem ipsum dolor sit amet, consectetur adipiscing elit. Cras sodales dapibus imperdiet. Donec vestibulum luctus velit, nec sodales quam faucibus nec. Nam sed sapien vitae urna ornare luctus. Quisque convallis, sapien a commodo ultrices, sapien leo consequat turpis, vel rutrum mi urna sit amet elit. Nulla facilisi. Donec nec elit et mi varius ultrices. In varius ipsum nec urna suscipit sed venenatis dolor vulputate. Maecenas eget nisi quis dolor sagittis ornare consectetur sit amet est. Nam vulputate bibendum aliquam. Nunc nec varius arcu. Nunc sit amet mi dui, vel pharetra ipsum. Mauris aliquam dolor libero. Nulla faucibus, arcu in hendrerit euismod, elit sem vestibulum sapien, ac luctus magna tellus at lectus. Aliquam ut eros quis lectus facilisis egestas.','2013-05-03 10:05:06','2013-05-03 10:05:06'),(98,23,'Page',1,'I think you are right','2013-05-03 11:17:22','2013-05-03 11:17:22');
/*!40000 ALTER TABLE `comments` ENABLE KEYS */;
UNLOCK TABLES;

--
-- Table structure for table `dashboard_modules`
--

DROP TABLE IF EXISTS `dashboard_modules`;
/*!40101 SET @saved_cs_client     = @@character_set_client */;
/*!40101 SET character_set_client = utf8 */;
CREATE TABLE `dashboard_modules` (
  `id` int(10) unsigned NOT NULL AUTO_INCREMENT,
  `title` varchar(255) COLLATE utf8_unicode_ci DEFAULT NULL,
  `content` text COLLATE utf8_unicode_ci,
  PRIMARY KEY (`id`)
) ENGINE=InnoDB AUTO_INCREMENT=74 DEFAULT CHARSET=utf8 COLLATE=utf8_unicode_ci;
/*!40101 SET character_set_client = @saved_cs_client */;

--
-- Dumping data for table `dashboard_modules`
--

LOCK TABLES `dashboard_modules` WRITE;
/*!40000 ALTER TABLE `dashboard_modules` DISABLE KEYS */;
INSERT INTO `dashboard_modules` VALUES (1,'Test sfd','\n			\n			\n				asjdflksa djfasjdlfk alsjd fkalsjd fkj '),(2,'asdfsadfsadfasdf','\n				\n				asdfasdfsadfasdfasdf\n													'),(3,'<em>Lorem Ipsum</em>','Lorem ipsum dolor sit amet, consectetur adipiscing elit. Nulla a nisl vitae leo auctor interdum a non felis. Praesent non faucibus neque. Morbi ultricies justo at nisl egestas ullamcorper. Duis consectetur pharetra tortor, vitae sagittis nibh blandit ac. Sed eleifend nisi ac justo vestibulum placerat. Nulla venenatis dictum tempus. Vestibulum in ipsum arcu. Nullam fringilla, eros id viverra vestibulum, arcu nisl congue augue, vitae laoreet purus nisl vel odio. Curabitur suscipit sagittis pharetra. Curabitur eu mi augue. Suspendisse commodo egestas ultrices.<br><br>Pellentesque venenatis sapien ac est malesuada vestibulum. Morbi vitae massa non felis egestas volutpat nec in est. Pellentesque habitant morbi tristique senectus et netus et malesuada fames ac turpis egestas. Sed sapien metus, egestas id dignissim facilisis, imperdiet non leo. Praesent sit amet ultricies orci. Donec congue vehicula laoreet. Aenean ac risus et tellus elementum aliquet non quis odio. Fusce eu lectus ut ante molestie placerat'),(4,'dfgsdfggdf','awgsadfasdgasdfsdf'),(5,'Lorem ipsum','\n			\n&nbsp;&nbsp;&nbsp;	Labasipsum dolor sit amet, consectetur adipiscing elit. Nulla a nisl vitae leo auctor interdum a non felis. Praesent non faucibus neque. Morbi ultricies justo at nisl egestas ullamcorper. Duis consectetur pharetra tortor, vitae sagittis nibh blandit ac. Sed eleifend nisi ac justo vestibulum placerat. Nulla venenatis dictum tempus. Vestibulum in ipsum arcu. Nullam fringilla, eros id viverra vestibulum, arcu nisl congue augue, vitae laoreet purus nisl vel odio. Curabitur suscipit sagittis pharetra. Curabitur eu mi augue. Suspendisse commodo egestas ultrices.<br><br>Pellentesque venenatis sapien ac est malesuada vestibulum. Morbi vitae massa non felis egestas volutpat nec in est. Pellentesque habitant morbi tristique senectus et netus et malesuada fames ac turpis egestas. Sed sapien metus, egestas id dignissim facilisis, imperdiet non leo. Praesent sit amet ultricies orci. Donec congue vehicula laoreet. Aenean ac risus et tellus elementum aliquet non quis odio. Fusce eu lectus ut ante molestie placerat					'),(6,'new title','\n			new content fg asdf asdf asdf asdf '),(7,'hgfgjhk','kjhjkh'),(8,'',''),(9,'asdfasdf','asdfasdf'),(10,'asdfasdf','asdfsadf'),(11,'szfdsdf','\n			asdfsadf asdfsadf asdfsadf asdfsadf asdfsadf asdfsadf asdfsadf asdfsadf asdfsadf asdfsadf asdfsadf asdfsadf asdfsadf asdfsadf asdfsadf asdfsadf asdfsadf asdfsadf asdfsadf asdfsadf asdfsadf asdfsadf asdfsadf asdfsadf asdfsadf asdfsadf asdfsadf asdfsadf asdfsadf asdfsadf asdfsadf asdfsadf asdfsadf asdfsadf asdfsadf asdfsadf asdfsadf 		'),(12,'',''),(13,'asdfsadfsdf','asdfasdf asdfasdf asdfasdf asdfasdf asdfasdf asdfasdf asdfasdf asdfasdf asdfasdf asdfasdf asdfasdf asdfasdf asdfasdf asdfasdf asdfasdf asdfasdf asdfasdf '),(14,'asdfsadf nauja','asdfasdfasdf'),(15,'xvbdxv','dxvbcvb'),(16,'fb','sghsdfvx  sghsdfvx  sghsdfvx  sghsdfvx  sghsdfvx  sghsdfvx  sghsdfvx  sghsdfvx  sghsdfvx  sghsdfvx  sghsdfvx  sghsdfvx  sghsdfvx  sghsdfvx  sghsdfvx  sghsdfvx  sghsdfvx  sghsdfvx  sghsdfvx  sghsdfvx  sghsdfvx  sghsdfvx  sghsdfvx  sghsdfvx  sghsdfvx  sghsdfvx  sghsdfvx  sghsdfvx  sghsdfvx  sghsdfvx  sghsdfvx  sghsdfvx  sghsdfvx  sghsdfvx  sghsdfvx  '),(17,'Lorem Ipsum','Lorem ipsum dolor sit amet, consectetur adipiscing elit. Nulla a nisl vitae leo auctor interdum a non felis. Praesent non faucibus neque. Morbi ultricies justo at nisl egestas ullamcorper. Duis consectetur pharetra tortor, vitae sagittis nibh blandit ac. Sed eleifend nisi ac justo vestibulum placerat. Nulla venenatis dictum tempus. Vestibulum in ipsum arcu. Nullam fringilla, eros id viverra vestibulum, arcu nisl congue augue, vitae laoreet purus nisl vel odio. Curabitur suscipit sagittis pharetra. Curabitur eu mi augue. Suspendisse commodo egestas ultrices.<br><br>Pellentesque venenatis sapien ac est malesuada vestibulum. Morbi vitae massa non felis egestas volutpat nec in est. Pellentesque habitant morbi tristique senectus et netus et malesuada fames ac turpis egestas. Sed sapien metus, egestas id dignissim facilisis, imperdiet non leo. Praesent sit amet ultricies orci. Donec congue vehicula laoreet. Aenean ac risus et tellus elementum aliquet non quis odio. Fusce eu lectus ut ante molestie placerat'),(18,'asdasd','Lorem ipsum dolor sit amet, consectetur adipiscing elit. Nulla a nisl vitae leo auctor interdum a non felis. Praesent non faucibus neque. Morbi ultricies justo at nisl egestas ullamcorper. Duis consectetur pharetra tortor, vitae sagittis nibh blandit ac. Sed eleifend nisi ac justo vestibulum placerat. Nulla venenatis dictum tempus. Vestibulum in ipsum arcu. Nullam fringilla, eros id viverra vestibulum, arcu nisl congue augue, vitae laoreet purus nisl vel odio. Curabitur suscipit sagittis pharetra. Curabitur eu mi augue. Suspendisse commodo egestas ultrices.<br><br>Pellentesque venenatis sapien ac est malesuada vestibulum. Morbi vitae massa non felis egestas volutpat nec in est. Pellentesque habitant morbi tristique senectus et netus et malesuada fames ac turpis egestas. Sed sapien metus, egestas id dignissim facilisis, imperdiet non leo. Praesent sit amet ultricies orci. Donec congue vehicula laoreet. Aenean ac risus et tellus elementum aliquet non quis odio. Fusce eu lectus ut ante molestie placerat'),(19,'asdfasdf','Lorem ipsum dolor sit amet, consectetur adipiscing elit. Nulla a nisl vitae leo auctor interdum a non felis. Praesent non faucibus neque. Morbi ultricies justo at nisl egestas ullamcorper. Duis consectetur pharetra tortor, vitae sagittis nibh blandit ac. Sed eleifend nisi ac justo vestibulum placerat. Nulla venenatis dictum tempus. Vestibulum in ipsum arcu. Nullam fringilla, eros id viverra vestibulum, arcu nisl congue augue, vitae laoreet purus nisl vel odio. Curabitur suscipit sagittis pharetra. Curabitur eu mi augue. Suspendisse commodo egestas ultrices.<br><br>Pellentesque venenatis sapien ac est malesuada vestibulum. Morbi vitae massa non felis egestas volutpat nec in est. Pellentesque habitant morbi tristique senectus et netus et malesuada fames ac turpis egestas. Sed sapien metus, egestas id dignissim facilisis, imperdiet non leo. Praesent sit amet ultricies orci. Donec congue vehicula laoreet. Aenean ac risus et tellus elementum aliquet non quis odio. Fusce eu lectus ut ante molestie placerat'),(20,'afsdfsadfas','\n				asdf <h1>test</h1> asdasdf'),(21,'Lorem ipsum','\n				Lorem ipsum dolor sit amet, consectetur adipiscing elit. Nulla a nisl vitae leo auctor interdum a non felis. Praesent non faucibus neque. Morbi ultricies justo at nisl egestas ullamcorper. Duis consectetur pharetra tortor, vitae sagittis nibh blandit ac. Sed eleifend nisi ac justo vestibulum placerat. Nulla venenatis dictum tempus. Vestibulum in ipsum arcu. Nullam fringilla, eros id viverra vestibulum, arcu nisl congue augue, vitae laoreet purus nisl vel odio. Curabitur suscipit sagittis pharetra. Curabitur eu mi augue. Suspendisse commodo egestas ultrices.<br><br>Pellentesque venenatis sapien ac est malesuada vestibulum. Morbi vitae massa non felis egestas volutpat nec in est. Pellentesque habitant morbi tristique senectus et netus et malesuada fames ac turpis egestas. Sed sapien metus, egestas id dignissim facilisis, imperdiet non leo. Praesent sit amet ultricies orci. Donec congue vehicula laoreet. Aenean ac risus et tellus elementum aliquet non quis odio. Fusce eu lectus ut ante molestie placerat			'),(22,'asdf','asdfsadf'),(23,'asdasdf','asdfasdf'),(24,'asdfasdfasdf2','asdfasdf'),(25,'asdfasdf 3','asdfasdfsd'),(26,'asdfasdf','asdfasdf'),(27,'asdfasdf','asdfasdf'),(28,'asdfasdf','\n				asdfasdf			'),(29,'sdf','sdf'),(30,'asdfasdf','\n			asdfasdf		'),(31,'asdf','asdf'),(32,'asdfa','asdfasdf'),(33,'asdf','asdf'),(34,'asdfasdf','asdfasdf'),(35,'asdfasdf','asdfasdf'),(36,'asdfasdf','asdfasdf'),(37,'asdfasdf','asdfasdf'),(38,'asdfasdf','asdfasdf'),(39,'asdfasdf','asdfasdf'),(40,'asdfasdf','asdfasdf'),(41,'asdfasdfa','sdfasdf'),(42,'asdfsadf','asfdasdf'),(43,'asdfasdfa','sdfsadfasdf'),(44,'asdfasdfa','sdfasdf'),(45,'asdfasdf','asdfsadf'),(46,'asdfasdf','asdfasdf'),(47,'asdfasdfa','sdfasdf'),(48,'asdfasdf','asdfasdf'),(49,'asdfsdf','asdfasdf'),(50,'asdfasdfa','sdfasdf'),(51,'asdf','asdf'),(52,'adfsd','fdafasdf'),(53,'asd','asd'),(54,'sdafasdf','asdfasdf'),(55,'dasfasd','asdfas'),(56,'asdf','asdfasd'),(57,'adsfasd','sadfasdf'),(58,'asdfasdf','asdfasd'),(59,'qweqwe','qweqwe'),(60,'qweqwe','qweqwe'),(61,'qweqwe','qweqwe'),(62,'asdfasdf','asdfasdf'),(63,'Project Management System - Dashboard','\n			\n			Welcome to the system, dashboard allows you to:&nbsp;<ul><li>Allows to share important information easy</li><li>There is Home dashboard and every project as a separate dashboard</li><li>Editable by using AJAX</li><li>Sortable&nbsp; - meaning that position can be changed quickly</li><li>HTML enabled - you create whatever you want</li></ul>						'),(64,'Lorem Ipsum','Lorem ipsum dolor sit amet, consectetur adipiscing elit. Nam eu felis ac ante gravida fermentum. Sed erat purus, lacinia vitae bibendum in, suscipit nec dui. Nam orci leo, placerat eget tincidunt eget, lacinia non lectus. Cras in arcu tincidunt tortor mollis dictum sed sagittis sem. Etiam rhoncus lorem eu purus iaculis tincidunt. Nulla quis nunc a neque consectetur porta et ut dolor. Praesent porttitor vestibulum quam. Praesent urna velit, tristique et fringilla non, convallis sit amet diam. Praesent quis scelerisque elit. Sed in quam justo, pellentesque consectetur orci. Vestibulum interdum lacus et erat placerat eget volutpat ligula feugiat. Integer convallis sodales erat, dignissim tempor metus porttitor nec. Sed nec egestas nunc. In mollis pellentesque dolor, a bibendum augue adipiscing eget. Vestibulum ultrices commodo libero sed placerat.<br><br>Donec sed magna nisl. Pellentesque nisl urna, ultrices quis tristique vel, consectetur et nisl. Proin et mauris non ante posuere ullamcorper vel sit amet nisi. Pellentesque ullamcorper ipsum ultrices lorem volutpat ac fringilla dolor sagittis. Aenean nec urna et odio egestas porta ut sed nisi. Class aptent taciti sociosqu ad litora torquent per conubia nostra, per inceptos himenaeos. Phasellus vitae nibh id nisl fermentum vestibulum a non elit. Vestibulum sit amet metus viverra nibh suscipit semper. Mauris suscipit scelerisque leo, id ultricies diam molestie in. Etiam luctus tempor nisl non bibendum. Nulla convallis dapibus sollicitudin. Aenean ultrices vehicula enim, sit amet pharetra velit facilisis eu. Proin est lectus, tempor in feugiat eget, viverra at ante. Morbi et risus sapien, vulputate pellentesque nisl. Phasellus lectus tortor, ultricies sed facilisis sit amet, rutrum sit amet est.'),(65,'Lorem Ipsum','Lorem Ipsum'),(66,'Tools Available','\n				<ul><li>Milestones - to&nbsp;structure the project</li><li>Tasks - to set and assign work</li><li>Discussions - to sort&nbsp;problems&nbsp;</li><li>Files - to share data</li><li>Pages - to share information</li></ul>			'),(67,'Smarphone','\n			<a href=\"http://www.weekendoffice.com/uploads/files/_62990179_scan-13.png\"><img class=\"pull-right\" src=\"http://www.weekendoffice.com/uploads/files/_62990179_scan-13.png\" width=\"300\"></a>We are developing phone this. In the left side there is a prototype. <br><br>These are the proposed&nbsp;requirements for the smartphone. The “entry level” Ubuntu device is expected to run a 1GHz Cortex A9 processor, 512MB – 1GB of RAM,&nbsp;4-8GB eMMC + SD, and a multi-touch display. The high-end Ubuntu “superphone” calls for a&nbsp;Quad-core A9 or Intel Atom processor, 1GB of RAM minimum, multitouch, and desktop convergence. The desktop convergence part certainly sounds interesting: “a full PC desktop accessible just by docking the device to a monitor and keyboard.”<br><br>More information about&nbsp;requirements&nbsp;can be found here: <a href=\"http://www.weekendoffice.com/projects/31/pages/23\">http://weekendoffice.com/projects/31/pages/23</a><div class=\"clearfix\"></div>								'),(68,'Our Mission and Aims','\n				Our mission is what we aim to do:<ul><li>Enable more efficient processes.</li><li>Transform – improve by doing things differently.</li><li>&nbsp;Innovate – improve by doing different things.</li></ul><br>Our principles and values are clear:<ul><li>We listen, learn, improve and deliver.</li><li>We focus on delivering customer service and value&nbsp;for money. </li><li>We are a reliable, trusted service provider, can-do but&nbsp;considered.</li><li>We are accessible and celebrate diversity.</li><li>We welcome ‘digital natives’, but we support everyone. </li><li>We are transparent, collaborative and open.</li><li>We innovate, evangelise and bring thought leadership,&nbsp;and we support the good ideas of colleagues.</li><li>We are an employer of choice in the region and&nbsp;the sector.</li></ul>			'),(69,'Video','We need something similar:\n				<iframe width=\"530\" height=\"298\" src=\"http://www.youtube.com/embed/nvKyYeJJYwM\" frameborder=\"0\" allowfullscreen=\"\"></iframe>			'),(70,'Lorem Ipsum','Lorem ipsum dolor sit amet, consectetur adipiscing elit. Nam eu felis ac ante gravida fermentum. Sed erat purus, lacinia vitae bibendum in, suscipit nec dui. Nam orci leo, placerat eget tincidunt eget, lacinia non lectus. Cras in arcu tincidunt tortor mollis dictum sed sagittis sem. Etiam rhoncus lorem eu purus iaculis tincidunt. Nulla quis nunc a neque consectetur porta et ut dolor. Praesent porttitor vestibulum quam. Praesent urna velit, tristique et fringilla non, convallis sit amet diam. Praesent quis scelerisque elit. Sed in quam justo, pellentesque consectetur orci. Vestibulum interdum lacus et erat placerat eget volutpat ligula feugiat. Integer convallis sodales erat, dignissim tempor metus porttitor nec. Sed nec egestas nunc. In mollis pellentesque dolor, a bibendum augue adipiscing eget. Vestibulum ultrices commodo libero sed placerat.<br><br>Donec sed magna nisl. Pellentesque nisl urna, ultrices quis tristique vel, consectetur et nisl. Proin et mauris non ante posuere ullamcorper vel sit amet nisi. Pellentesque ullamcorper ipsum ultrices lorem volutpat ac fringilla dolor sagittis. Aenean nec urna et odio egestas porta ut sed nisi. Class aptent taciti sociosqu ad litora torquent per conubia nostra, per inceptos himenaeos. Phasellus vitae nibh id nisl fermentum vestibulum a non elit. Vestibulum sit amet metus viverra nibh suscipit semper. Mauris suscipit scelerisque leo, id ultricies diam molestie in. Etiam luctus tempor nisl non bibendum. Nulla convallis dapibus sollicitudin. Aenean ultrices vehicula enim, sit amet pharetra velit facilisis eu. Proin est lectus, tempor in feugiat eget, viverra at ante. Morbi et risus sapien, vulputate pellentesque nisl. Phasellus lectus tortor, ultricies sed facilisis sit amet, rutrum sit amet est.'),(71,'Navigation','\n				\n				\n				\n				<ul><li>Button&nbsp;active states - reminds where you are</li><li>Website title - changes&nbsp;dynamically</li><li>Breadcrumbs - allows to understand where are you currently are</li><li>URL\'s - are generated in user friendly way</li><li>Feedback - after some action you get message to say weather it was successful or not</li></ul>												'),(72,'Other Functionality','\n				<ul><li>Roles &amp; Permissions - The system has&nbsp;user Permissions and Roles which are customizable</li><li>Users - Can customize their personal information to represent them</li><li>Admin panel - allows to change information about site</li><li>Comments - user can use comments almost on every tool</li><li>Filters - allows to search information which is important</li></ul>			'),(73,'Test','\n			\n			Lorem ipsum dolor sit amet, consectetur adipiscing elit. Praesent id nulla lorem, non dapibus urna. Sed sed bibendum erat. Fusce sit amet sapien ut justo interdum laoreet sed at dolor. Pellentesque orci turpis, auctor vitae dapibus in, placerat ac dolor. Nunc dapibus, augue eu lacinia tincidunt, tortor dolor placerat velit, at ullamcorper quam sapien quis magna. Etiam semper posuere dictum. Cras a eros lectus. Cras in est purus, id ornare nibh. Aenean nec urna ligula. In eget scelerisque turpis. Integer pretium iaculis volutpat <h1>test</h1>.				');
/*!40000 ALTER TABLE `dashboard_modules` ENABLE KEYS */;
UNLOCK TABLES;

--
-- Table structure for table `dashboard_orders`
--

DROP TABLE IF EXISTS `dashboard_orders`;
/*!40101 SET @saved_cs_client     = @@character_set_client */;
/*!40101 SET character_set_client = utf8 */;
CREATE TABLE `dashboard_orders` (
  `id` int(10) unsigned NOT NULL AUTO_INCREMENT,
  `dashboard_module_id` int(10) unsigned DEFAULT NULL,
  `project_id` int(10) unsigned DEFAULT NULL,
  `section` enum('top','left','right') COLLATE utf8_unicode_ci NOT NULL,
  `position` int(11) NOT NULL,
  PRIMARY KEY (`id`)
) ENGINE=InnoDB AUTO_INCREMENT=70 DEFAULT CHARSET=utf8 COLLATE=utf8_unicode_ci;
/*!40101 SET character_set_client = @saved_cs_client */;

--
-- Dumping data for table `dashboard_orders`
--

LOCK TABLES `dashboard_orders` WRITE;
/*!40000 ALTER TABLE `dashboard_orders` DISABLE KEYS */;
INSERT INTO `dashboard_orders` VALUES (27,30,19,'top',0),(60,63,NULL,'left',1),(63,66,NULL,'right',1),(64,67,31,'top',1),(65,68,31,'left',1),(66,69,31,'right',1),(68,71,NULL,'right',2),(69,72,NULL,'left',2);
/*!40000 ALTER TABLE `dashboard_orders` ENABLE KEYS */;
UNLOCK TABLES;

--
-- Table structure for table `files`
--

DROP TABLE IF EXISTS `files`;
/*!40101 SET @saved_cs_client     = @@character_set_client */;
/*!40101 SET character_set_client = utf8 */;
CREATE TABLE `files` (
  `id` int(10) unsigned NOT NULL AUTO_INCREMENT,
  `fileable_id` int(10) unsigned NOT NULL,
  `fileable_type` varchar(255) COLLATE utf8_unicode_ci NOT NULL,
  `user_id` int(10) unsigned NOT NULL,
  `name` varchar(500) COLLATE utf8_unicode_ci NOT NULL,
  `title` varchar(500) COLLATE utf8_unicode_ci NOT NULL,
  `description` varchar(1000) COLLATE utf8_unicode_ci DEFAULT NULL,
  `mime_type` varchar(255) COLLATE utf8_unicode_ci NOT NULL,
  `size` int(11) NOT NULL,
  `created_at` timestamp NOT NULL DEFAULT '0000-00-00 00:00:00',
  `updated_at` timestamp NOT NULL DEFAULT '0000-00-00 00:00:00',
  PRIMARY KEY (`id`),
  KEY `files_fileable_id_index` (`fileable_id`),
  KEY `files_fileable_type_index` (`fileable_type`)
) ENGINE=InnoDB AUTO_INCREMENT=44 DEFAULT CHARSET=utf8 COLLATE=utf8_unicode_ci;
/*!40101 SET character_set_client = @saved_cs_client */;

--
-- Dumping data for table `files`
--

LOCK TABLES `files` WRITE;
/*!40000 ALTER TABLE `files` DISABLE KEYS */;
INSERT INTO `files` VALUES (5,19,'Project',1,'6andrewcheong.cv.pdf','6andrewcheong.cv.pdf','','pdf',368169,'2013-04-10 12:47:19','2013-04-10 12:47:19'),(6,19,'Project',1,'7andrewcheong.cv.pdf','7andrewcheong.cv.pdf','Lorem Ipsum is simply dummy text of the printing and typesetting industry. Lorem Ipsum has been the industry\'s standard dummy text ever since the 1500s, when an unknown printer took a galley of type and scrambled it to make a type specimen book. It has survived not only five centuries, but also the leap into electronic typesetting, remaining essentially unchanged. It was popularised in the 1960s with the release of Letraset sheets containing Lorem Ipsum passages, and more recently with desktop publishing software like Aldus PageMaker including versions of Lorem Ipsum.','pdf',368169,'2013-04-10 12:48:28','2013-04-10 12:48:28'),(8,19,'Project',15,'last.png','last.png','ASD','png',38375,'2013-04-10 13:48:33','2013-04-10 13:48:33'),(9,19,'Project',1,'2.2ProcessStages.ppt','','','ppt',573952,'2013-04-10 22:45:43','2013-04-10 22:45:43'),(10,19,'Project',1,'1.2Intro.ppt','','','ppt',606720,'2013-04-10 23:16:09','2013-04-10 23:16:09'),(11,19,'Project',1,'1.1Intro.ppt','1.1Intro.ppt','','ppt',328192,'2013-04-10 23:18:22','2013-04-10 23:18:22'),(12,19,'Project',1,'11.1Intro.ppt','11.1Intro.ppt','','ppt',328192,'2013-04-10 23:18:37','2013-04-10 23:18:37'),(13,19,'Project',1,'18andrewcheong.cv.pdf','asdasdfasdfasdf','','pdf',368169,'2013-04-10 23:20:49','2013-04-18 10:00:01'),(14,19,'Project',1,'11.2Intro.ppt','11.2Intro.ppt','','ppt',606720,'2013-04-10 23:22:20','2013-04-10 23:22:20'),(15,19,'Project',1,'21.2Intro.ppt','234234','','ppt',606720,'2013-04-10 23:23:00','2013-04-10 23:23:00'),(16,19,'Project',1,'31.2Intro.ppt','sadfsadf','','ppt',606720,'2013-04-10 23:23:21','2013-04-10 23:23:21'),(17,19,'Project',1,'9andrewcheong.cv.pdf','asdf','','pdf',368169,'2013-04-10 23:29:29','2013-04-10 23:29:29'),(18,19,'Project',1,'106831_col_del_pdf_02.pdf','asdf','','pdf',25530,'2013-04-10 23:29:59','2013-04-10 23:29:59'),(19,19,'Project',1,'21.1Intro.ppt','asdfasdf','','ppt',328192,'2013-04-10 23:30:12','2013-04-10 23:30:12'),(20,19,'Project',1,'31.1Intro.ppt','asdfsadf','','ppt',328192,'2013-04-10 23:30:24','2013-04-10 23:30:24'),(21,19,'Project',1,'41.1Intro.ppt','asdfsadf','','ppt',328192,'2013-04-10 23:30:30','2013-04-10 23:30:30'),(22,19,'Project',1,'51.1Intro.ppt','asdf','','ppt',328192,'2013-04-10 23:39:08','2013-04-10 23:39:08'),(23,19,'Project',1,'61.1Intro.ppt','asdf','','ppt',328192,'2013-04-10 23:39:47','2013-04-10 23:39:47'),(24,19,'Project',1,'71.1Intro.ppt','71.1Intro.ppt','','ppt',328192,'2013-04-10 23:39:56','2013-04-10 23:39:56'),(25,19,'Project',1,'1106831_col_del_pdf_02.pdf','asasdf asdf','asdfasdf asdf afds asf asfd fsd ads adsf adsdsa asfd dfsdf ','gz',240680,'2013-04-10 23:40:47','2013-04-11 00:21:52'),(26,19,'Project',1,'Coursework-12COC140.doc','test','test','jpg',29838,'2013-04-25 19:53:55','2013-04-29 17:51:27'),(27,31,'Project',1,'Art-Wallpapers-10764-2560x1600.jpg','Dark Image','','jpg',562668,'2013-05-03 05:54:55','2013-05-03 05:54:55'),(28,31,'Project',1,'tumblr_mf47g090dD1r049b5.jpg','Cat','','jpg',60271,'2013-05-03 05:55:48','2013-05-03 05:55:48'),(29,31,'Project',1,'FYPdemos2013 (1).csv','FYPDemos','','csv',15067,'2013-05-03 05:56:08','2013-05-03 05:56:08'),(30,31,'Project',1,'Solutions_COC131_tutorial_w1.xls','Tutorial solutions','','xls',80384,'2013-05-03 05:57:27','2013-05-03 05:57:27'),(31,31,'Project',1,'_62990179_scan-13.png','Prototype','This is the prototype image.','png',176150,'2013-05-03 06:57:05','2013-05-03 06:57:05'),(32,31,'Project',1,'Art-Wallpapers-ukiyo-e-art-wallpaper-19201080.jpg','Wawes','','jpg',370549,'2013-05-03 07:39:54','2013-05-03 07:39:54'),(33,31,'Project',1,'FYP.pdf','Finish Year Project','','pdf',1252435,'2013-05-03 07:50:39','2013-05-03 07:50:39'),(34,31,'Project',1,'_62992302_scan-10.png','Prototype 2','','png',44302,'2013-05-03 07:52:49','2013-05-03 07:52:49'),(35,31,'Project',1,'Smartphones.jpg','Smartphones','','jpg',32936,'2013-05-03 07:53:43','2013-05-03 07:53:43'),(36,31,'Project',1,'1805587.pdf','1805587.pdf','','pdf',448899,'2013-05-03 07:54:21','2013-05-03 07:54:21'),(37,31,'Project',1,'Inconsolata.otf','Inconsolata.otf','','otf',58464,'2013-05-03 07:54:42','2013-05-03 07:54:42'),(38,31,'Project',1,'774750_513235962031894_524247886_o.jpg','774750_513235962031894_524247886_o.jpg','','jpg',780831,'2013-05-03 07:55:07','2013-05-03 11:54:25'),(39,31,'Project',1,'1FYPdemos2013 (1).csv','1FYPdemos2013 (1).csv','','csv',15067,'2013-05-03 07:55:21','2013-05-03 07:55:21'),(40,31,'Project',1,'781-790.pdf','781-790.pdf','','pdf',218933,'2013-05-03 07:55:36','2013-05-03 07:55:36'),(41,31,'Project',1,'2FYPdemos2013 (1).csv','2FYPdemos2013 (1).csv','','csv',15067,'2013-05-03 07:55:50','2013-05-03 07:55:50'),(43,31,'Project',1,'1Koala.jpg','1Koala.jpg','Lorem ipsum dolor sit amet, consectetur adipiscing elit. Praesent id nulla lorem, non dapibus urna. Sed sed bibendum erat. Fusce sit amet sapien ut justo interdum laoreet sed at dolor. Pellentesque orci turpis, auctor vitae dapibus in, placerat ac dolor. Nunc dapibus, augue eu lacinia tincidunt, tortor dolor placerat velit, at ullamcorper quam sapien quis magna. Etiam semper posuere dictum. Cras a eros lectus. Cras in est purus, id ornare nibh. Aenean nec urna ligula. In eget scelerisque turpis. Integer pretium iaculis volutpat.','jpg',780831,'2013-05-03 12:16:11','2013-05-03 12:16:11');
/*!40000 ALTER TABLE `files` ENABLE KEYS */;
UNLOCK TABLES;

--
-- Table structure for table `migrations`
--

DROP TABLE IF EXISTS `migrations`;
/*!40101 SET @saved_cs_client     = @@character_set_client */;
/*!40101 SET character_set_client = utf8 */;
CREATE TABLE `migrations` (
  `migration` varchar(255) COLLATE utf8_unicode_ci NOT NULL,
  `batch` int(11) NOT NULL
) ENGINE=InnoDB DEFAULT CHARSET=utf8 COLLATE=utf8_unicode_ci;
/*!40101 SET character_set_client = @saved_cs_client */;

--
-- Dumping data for table `migrations`
--

LOCK TABLES `migrations` WRITE;
/*!40000 ALTER TABLE `migrations` DISABLE KEYS */;
INSERT INTO `migrations` VALUES ('2013_01_20_200223_create_users_table',1),('2013_01_20_201715_create_events_table',1),('2013_01_20_203013_create_messages_table',1),('2013_01_20_203555_create_pages_table',1),('2013_01_20_204904_create_roles_table',1),('2013_02_07_013444_create_dashboard_modules_table',1),('2013_02_07_013500_create_dashboard_orders_table',1),('2013_02_20_225846_create_password_reminders_table',1),('2013_01_20_201545_create_comments_table',2),('2013_01_20_201007_create_assignments_table',3),('2013_01_20_204420_create_projects_table',4),('2013_01_20_203327_create_milestones_table',5),('2013_01_20_205320_create_tasks_table',5),('2013_01_20_202023_create_files_table',6),('2013_01_20_203555_create_threads_table',7),('2013_01_20_203902_create_posts_table',8),('2013_01_20_203902_create_threads_table',9),('2013_01_20_204631_create_role_permissions_table',9),('2013_01_20_202239_create_groups_table',10),('2013_04_16_154559_create_settings_table',10);
/*!40000 ALTER TABLE `migrations` ENABLE KEYS */;
UNLOCK TABLES;

--
-- Table structure for table `milestones`
--

DROP TABLE IF EXISTS `milestones`;
/*!40101 SET @saved_cs_client     = @@character_set_client */;
/*!40101 SET character_set_client = utf8 */;
CREATE TABLE `milestones` (
  `id` int(10) unsigned NOT NULL AUTO_INCREMENT,
  `user_id` int(10) unsigned NOT NULL,
  `project_id` int(10) unsigned NOT NULL,
  `title` varchar(255) COLLATE utf8_unicode_ci NOT NULL,
  `description` text COLLATE utf8_unicode_ci,
  `archived` tinyint(4) NOT NULL,
  `priority` enum('Highest','High','Normal','Low','Lowest') COLLATE utf8_unicode_ci NOT NULL,
  `starts` date DEFAULT NULL,
  `ends` date DEFAULT NULL,
  `created_at` timestamp NOT NULL DEFAULT '0000-00-00 00:00:00',
  `updated_at` timestamp NOT NULL DEFAULT '0000-00-00 00:00:00',
  PRIMARY KEY (`id`)
) ENGINE=InnoDB AUTO_INCREMENT=63 DEFAULT CHARSET=utf8 COLLATE=utf8_unicode_ci;
/*!40101 SET character_set_client = @saved_cs_client */;

--
-- Dumping data for table `milestones`
--

LOCK TABLES `milestones` WRITE;
/*!40000 ALTER TABLE `milestones` DISABLE KEYS */;
INSERT INTO `milestones` VALUES (59,1,21,'Beta','',0,'Normal',NULL,NULL,'2013-05-02 21:28:58','2013-05-02 21:28:58'),(60,1,21,'Stable (v 1)','',0,'Normal',NULL,NULL,'2013-05-02 21:29:36','2013-05-02 21:29:36'),(61,1,31,'Prototype','Lorem ipsum dolor sit amet, consectetur adipiscing elit. Nam eu felis ac ante gravida fermentum. Sed erat purus, lacinia vitae bibendum in, suscipit nec dui. Nam orci leo, placerat eget tincidunt eget, lacinia non lectus. Cras in arcu tincidunt tortor mollis dictum sed sagittis sem. Etiam rhoncus lorem eu purus iaculis tincidunt. Nulla quis nunc a neque consectetur porta et ut dolor. Praesent porttitor vestibulum quam. Praesent urna velit, tristique et fringilla non, convallis sit amet diam. Praesent quis scelerisque elit. Sed in quam justo, pellentesque consectetur orci. Vestibulum interdum lacus et erat placerat eget volutpat ligula feugiat. Integer convallis sodales erat, dignissim tempor metus porttitor nec. Sed nec egestas nunc. In mollis pellentesque dolor, a bibendum augue adipiscing eget. Vestibulum ultrices commodo libero sed placerat.<br><br>Donec sed magna nisl. Pellentesque nisl urna, ultrices quis tristique vel, consectetur et nisl. Proin et mauris non ante posuere ullamcorper vel sit amet nisi. Pellentesque ullamcorper ipsum ultrices lorem volutpat ac fringilla dolor sagittis. Aenean nec urna et odio egestas porta ut sed nisi. Class aptent taciti sociosqu ad litora torquent per conubia nostra, per inceptos himenaeos. Phasellus vitae nibh id nisl fermentum vestibulum a non elit. Vestibulum sit amet metus viverra nibh suscipit semper. Mauris suscipit scelerisque leo, id ultricies diam molestie in. Etiam luctus tempor nisl non bibendum. Nulla convallis dapibus sollicitudin. Aenean ultrices vehicula enim, sit amet pharetra velit facilisis eu. Proin est lectus, tempor in feugiat eget, viverra at ante. Morbi et risus sapien, vulputate pellentesque nisl. Phasellus lectus tortor, ultricies sed facilisis sit amet, rutrum sit amet est.',0,'Normal','2013-04-08','2013-05-31','2013-05-03 05:52:52','2013-05-03 09:58:48'),(62,1,31,'Final release','Lorem ipsum dolor sit amet, consectetur adipiscing elit. Nam eu felis ac ante gravida fermentum. Sed erat purus, lacinia vitae bibendum in, suscipit nec dui. Nam orci leo, placerat eget tincidunt eget, lacinia non lectus. Cras in arcu tincidunt tortor mollis dictum sed sagittis sem. Etiam rhoncus lorem eu purus iaculis tincidunt. Nulla quis nunc a neque consectetur porta et ut dolor. Praesent porttitor vestibulum quam. Praesent urna velit, tristique et fringilla non, convallis sit amet diam. Praesent quis scelerisque elit. Sed in quam justo, pellentesque consectetur orci. Vestibulum interdum lacus et erat placerat eget volutpat ligula feugiat. Integer convallis sodales erat, dignissim tempor metus porttitor nec. Sed nec egestas nunc. In mollis pellentesque dolor, a bibendum augue adipiscing eget. Vestibulum ultrices commodo libero sed placerat.<br><br>Donec sed magna nisl. Pellentesque nisl urna, ultrices quis tristique vel, consectetur et nisl. Proin et mauris non ante posuere ullamcorper vel sit amet nisi. Pellentesque ullamcorper ipsum ultrices lorem volutpat ac fringilla dolor sagittis. Aenean nec urna et odio egestas porta ut sed nisi. Class aptent taciti sociosqu ad litora torquent per conubia nostra, per inceptos himenaeos. Phasellus vitae nibh id nisl fermentum vestibulum a non elit. Vestibulum sit amet metus viverra nibh suscipit semper. Mauris suscipit scelerisque leo, id ultricies diam molestie in. Etiam luctus tempor nisl non bibendum. Nulla convallis dapibus sollicitudin. Aenean ultrices vehicula enim, sit amet pharetra velit facilisis eu. Proin est lectus, tempor in feugiat eget, viverra at ante. Morbi et risus sapien, vulputate pellentesque nisl. Phasellus lectus tortor, ultricies sed facilisis sit amet, rutrum sit amet est.',0,'Normal',NULL,'2013-06-30','2013-05-03 05:53:38','2013-05-03 09:59:04');
/*!40000 ALTER TABLE `milestones` ENABLE KEYS */;
UNLOCK TABLES;

--
-- Table structure for table `pages`
--

DROP TABLE IF EXISTS `pages`;
/*!40101 SET @saved_cs_client     = @@character_set_client */;
/*!40101 SET character_set_client = utf8 */;
CREATE TABLE `pages` (
  `id` int(10) unsigned NOT NULL AUTO_INCREMENT,
  `project_id` int(10) unsigned NOT NULL,
  `user_id` int(10) unsigned NOT NULL,
  `title` varchar(255) COLLATE utf8_unicode_ci NOT NULL,
  `content` text COLLATE utf8_unicode_ci NOT NULL,
  `created_at` timestamp NOT NULL DEFAULT '0000-00-00 00:00:00',
  `updated_at` timestamp NOT NULL DEFAULT '0000-00-00 00:00:00',
  PRIMARY KEY (`id`)
) ENGINE=InnoDB AUTO_INCREMENT=25 DEFAULT CHARSET=utf8 COLLATE=utf8_unicode_ci;
/*!40101 SET character_set_client = @saved_cs_client */;

--
-- Dumping data for table `pages`
--

LOCK TABLES `pages` WRITE;
/*!40000 ALTER TABLE `pages` DISABLE KEYS */;
INSERT INTO `pages` VALUES (23,31,1,'Full Requirments and Specification','<p>Canonical today announced a distinctive smartphone interface for its popular operating system, Ubuntu, using all four edges of the screen for a more immersive experience. Ubuntu uniquely gives handset OEMs and mobile operators the ability to converge phone, PC and thin client into a single enterprise superphone.</p>\r\n<p>“We expect Ubuntu to be popular in the enterprise market, enabling customers to provision a single secure device for all PC, thin client and phone functions. Ubuntu is already the most widely used Linux enterprise desktop, with customers in a wide range of sectors focused on security, cost and manageability” said Jane Silber, CEO of Canonical. “We also see an opportunity in basic smartphones that are used for the phone, SMS, web and email, where Ubuntu outperforms thanks to its native core apps and stylish presentation.”</p>\r\n<p>Ubuntu is aimed at two core mobile segments: the high-end superphone, and the entry-level basic smartphone, helping operators grow the use of data amongst consumers who typically use only the phone and messaging but who might embrace the use of web and email on their phone. Ubuntu also appeals to aspirational prosumers who want a fresh experience with faster, richer performance on a lower bill-of-materials device.</p>\r\n<p>The handset interface for Ubuntu introduces distinctive new user experiences to the mobile market, including:</p>\r\n<ol>\r\n<li>Edge magic: thumb gestures from all four edges of the screen enable users to find content and switch between apps faster than other phones.</li>\r\n<li>Deep content immersion – controls appear only when the user wants them.</li>\r\n<li>A beautiful global search for apps, content and products.</li>\r\n<li>Voice and text commands in any application for faster access to rich capabilities.</li>\r\n<li>Both native and web or HTML5 apps.</li>\r\n<li>Evolving personalised art on the welcome screen.</li>\r\n</ol>\r\n<p>Ubuntu offers compelling customisation options for partner apps, content and services. Operators and OEMs can easily add their own branded offerings. Canonical’s personal cloud service, Ubuntu One, provides storage and media services, file sharing and a secure transaction service which enables partners to integrate their own service offerings easily.</p>\r\n<p>Canonical makes it easy to build phones with Ubuntu. The company provides engineering services to offload the complexity of maintaining multiple code bases which has proven to be a common issue for smartphone manufacturers, freeing the manufacturer to focus on hardware design and integration. For silicon vendors, Ubuntu is compatible with a typical Android Board Support Package (BSP). This means Ubuntu is ready to run on the most cost-efficient chipset designs.</p>\r\n<p>In bringing Ubuntu to the phone, Canonical is uniquely placed with a single operating system for client, server and cloud, and a unified family of interfaces for the phone, the PC and the TV. “We are defining a new era of convergence in technology, with one unified operating system that underpins cloud computing, data centers, PCs and consumer electronics” says Mark Shuttleworth, founder of Ubuntu and VP Products at Canonical.</p>\r\n<p>Canonical currently serves the leading PC OEMs: ASUS, Dell, HP, and Lenovo all certify the majority of their PCs on Ubuntu and pre-install it in global markets. Over 20 million desktop PCs run the OS today, and Canonical estimates that close to 10% of the world’s new desktops and laptops will ship with Ubuntu in 2014. Ubuntu is also wildly popular as a server platform, the number one server OS on the key major public clouds and the leading host OS for OpenStack, the open source IAAS.</p>','2013-05-03 07:28:59','2013-05-03 07:30:18'),(24,31,18,'Lets get cracking','Lorem ipsum dolor sit amet, consectetur adipiscing elit. Cras sodales dapibus imperdiet. Donec vestibulum luctus velit, nec sodales quam faucibus nec. Nam sed sapien vitae urna ornare luctus. Quisque convallis, sapien a commodo ultrices, sapien leo consequat turpis, vel rutrum mi urna sit amet elit. Nulla facilisi. Donec nec elit et mi varius ultrices. In varius ipsum nec urna suscipit sed venenatis dolor vulputate. Maecenas eget nisi quis dolor sagittis ornare consectetur sit amet est. Nam vulputate bibendum aliquam. Nunc nec varius arcu. Nunc sit amet mi dui, vel pharetra ipsum. Mauris aliquam dolor libero. Nulla faucibus, arcu in hendrerit euismod, elit sem vestibulum sapien, ac luctus magna tellus at lectus. Aliquam ut eros quis lectus facilisis egestas.','2013-05-03 09:47:34','2013-05-03 09:55:03');
/*!40000 ALTER TABLE `pages` ENABLE KEYS */;
UNLOCK TABLES;

--
-- Table structure for table `password_reminders`
--

DROP TABLE IF EXISTS `password_reminders`;
/*!40101 SET @saved_cs_client     = @@character_set_client */;
/*!40101 SET character_set_client = utf8 */;
CREATE TABLE `password_reminders` (
  `email` varchar(255) COLLATE utf8_unicode_ci NOT NULL,
  `token` varchar(255) COLLATE utf8_unicode_ci NOT NULL,
  `created_at` timestamp NOT NULL DEFAULT '0000-00-00 00:00:00'
) ENGINE=InnoDB DEFAULT CHARSET=utf8 COLLATE=utf8_unicode_ci;
/*!40101 SET character_set_client = @saved_cs_client */;

--
-- Dumping data for table `password_reminders`
--

LOCK TABLES `password_reminders` WRITE;
/*!40000 ALTER TABLE `password_reminders` DISABLE KEYS */;
/*!40000 ALTER TABLE `password_reminders` ENABLE KEYS */;
UNLOCK TABLES;

--
-- Table structure for table `projects`
--

DROP TABLE IF EXISTS `projects`;
/*!40101 SET @saved_cs_client     = @@character_set_client */;
/*!40101 SET character_set_client = utf8 */;
CREATE TABLE `projects` (
  `id` int(10) unsigned NOT NULL AUTO_INCREMENT,
  `user_id` int(10) unsigned NOT NULL,
  `title` varchar(255) COLLATE utf8_unicode_ci NOT NULL,
  `description` text COLLATE utf8_unicode_ci,
  `archived` tinyint(4) NOT NULL DEFAULT '0',
  `visibility` tinyint(4) NOT NULL DEFAULT '1',
  `priority` enum('Highest','High','Normal','Low','Lowest') COLLATE utf8_unicode_ci DEFAULT NULL,
  `starts` date DEFAULT NULL,
  `ends` date DEFAULT NULL,
  `created_at` timestamp NOT NULL DEFAULT '0000-00-00 00:00:00',
  `updated_at` timestamp NOT NULL DEFAULT '0000-00-00 00:00:00',
  PRIMARY KEY (`id`)
) ENGINE=InnoDB AUTO_INCREMENT=33 DEFAULT CHARSET=utf8 COLLATE=utf8_unicode_ci;
/*!40101 SET character_set_client = @saved_cs_client */;

--
-- Dumping data for table `projects`
--

LOCK TABLES `projects` WRITE;
/*!40000 ALTER TABLE `projects` DISABLE KEYS */;
INSERT INTO `projects` VALUES (7,1,'Invisible','',0,0,'Highest','2013-03-06','2013-03-30','2013-03-28 20:59:32','2013-05-03 11:18:05'),(21,1,'Test Project 11','The test Project Description',0,1,'High','2013-04-01','2013-05-31','2013-05-02 21:22:01','2013-05-03 05:45:56'),(22,1,'Test Project 10','',0,1,'Normal',NULL,'2013-05-31','2013-05-03 05:41:08','2013-05-03 05:45:46'),(23,1,'Test Project 9','',0,1,'Highest',NULL,NULL,'2013-05-03 05:41:18','2013-05-03 06:04:26'),(24,1,'Test Project 8','',0,1,'High',NULL,NULL,'2013-05-03 05:41:51','2013-05-03 06:04:16'),(25,1,'Test Project 7','',0,1,'Normal',NULL,NULL,'2013-05-03 05:42:01','2013-05-03 05:45:20'),(26,1,'Test Project 6','',0,1,'Normal',NULL,NULL,'2013-05-03 05:42:10','2013-05-03 05:42:10'),(27,1,'Test Project 5','',1,1,'Normal',NULL,NULL,'2013-05-03 05:42:19','2013-05-03 11:21:40'),(28,1,'Test Project 4','',0,0,'Normal',NULL,NULL,'2013-05-03 05:42:27','2013-05-03 09:17:16'),(29,1,'Test Project 3','',0,1,'Normal',NULL,NULL,'2013-05-03 05:42:39','2013-05-03 05:44:37'),(30,1,'Test Project 2','',0,1,'High',NULL,'2013-05-31','2013-05-03 05:42:49','2013-05-03 05:47:34'),(31,1,'Test Project 1 - Smarphone','The development of new generation Smartphone.',0,1,'Highest','2013-04-02','2013-05-31','2013-05-03 05:43:09','2013-05-03 07:27:02'),(32,1,'New Project','Project Description',0,1,'High','2013-05-01','2013-05-31','2013-05-03 12:23:16','2013-05-03 12:23:16');
/*!40000 ALTER TABLE `projects` ENABLE KEYS */;
UNLOCK TABLES;

--
-- Table structure for table `role_permissions`
--

DROP TABLE IF EXISTS `role_permissions`;
/*!40101 SET @saved_cs_client     = @@character_set_client */;
/*!40101 SET character_set_client = utf8 */;
CREATE TABLE `role_permissions` (
  `id` int(10) unsigned NOT NULL AUTO_INCREMENT,
  `role_id` int(10) unsigned NOT NULL,
  `name` varchar(255) COLLATE utf8_unicode_ci NOT NULL,
  `type` tinyint(4) NOT NULL,
  PRIMARY KEY (`id`),
  KEY `role_permissions_role_id_index` (`role_id`)
) ENGINE=InnoDB AUTO_INCREMENT=107 DEFAULT CHARSET=utf8 COLLATE=utf8_unicode_ci;
/*!40101 SET character_set_client = @saved_cs_client */;

--
-- Dumping data for table `role_permissions`
--

LOCK TABLES `role_permissions` WRITE;
/*!40000 ALTER TABLE `role_permissions` DISABLE KEYS */;
INSERT INTO `role_permissions` VALUES (32,1,'create-project',1),(33,1,'see-private-projects',1),(34,1,'delete-project',1),(35,1,'edit-project',1),(36,1,'create-milestone',1),(37,1,'edit-milestone',1),(38,1,'delete-milestone',1),(39,1,'edit-task',1),(40,1,'create-task',1),(41,1,'delete-task',1),(42,1,'edit-page',1),(43,1,'create-page',1),(44,1,'delete-page',1),(45,1,'edit-file',1),(46,1,'create-file',1),(47,1,'delete-file',1),(48,1,'edit-member',1),(49,1,'create-member',1),(50,1,'delete-member',1),(51,1,'edit-thread',1),(52,1,'create-thread',1),(53,1,'delete-thread',1),(54,1,'edit-module',1),(55,1,'create-module',1),(56,1,'delete-module',1),(57,2,'create-project',1),(58,2,'see-private-projects',1),(59,2,'delete-project',1),(60,2,'edit-project',1),(61,2,'create-milestone',1),(62,2,'edit-milestone',1),(63,2,'delete-milestone',1),(64,2,'edit-task',1),(65,2,'create-task',1),(66,2,'delete-task',1),(67,2,'edit-page',1),(68,2,'create-page',1),(69,2,'delete-page',1),(70,2,'edit-file',1),(71,2,'create-file',1),(72,2,'delete-file',1),(73,2,'edit-member',1),(74,2,'create-member',1),(75,2,'delete-member',1),(76,2,'edit-thread',1),(77,2,'create-thread',1),(78,2,'delete-thread',1),(79,2,'edit-module',1),(80,2,'create-module',1),(81,2,'delete-module',1),(82,3,'create-project',0),(83,3,'see-private-projects',0),(84,3,'delete-project',0),(85,3,'edit-project',0),(86,3,'create-milestone',0),(87,3,'edit-milestone',0),(88,3,'delete-milestone',0),(89,3,'edit-task',0),(90,3,'create-task',1),(91,3,'delete-task',0),(92,3,'edit-page',0),(93,3,'create-page',1),(94,3,'delete-page',0),(95,3,'edit-file',0),(96,3,'create-file',1),(97,3,'delete-file',0),(98,3,'edit-member',0),(99,3,'create-member',0),(100,3,'delete-member',0),(101,3,'edit-thread',0),(102,3,'create-thread',1),(103,3,'delete-thread',0),(104,3,'edit-module',0),(105,3,'create-module',0),(106,3,'delete-module',0);
/*!40000 ALTER TABLE `role_permissions` ENABLE KEYS */;
UNLOCK TABLES;

--
-- Table structure for table `roles`
--

DROP TABLE IF EXISTS `roles`;
/*!40101 SET @saved_cs_client     = @@character_set_client */;
/*!40101 SET character_set_client = utf8 */;
CREATE TABLE `roles` (
  `id` int(10) unsigned NOT NULL AUTO_INCREMENT,
  `name` varchar(255) COLLATE utf8_unicode_ci NOT NULL,
  `description` varchar(1000) COLLATE utf8_unicode_ci DEFAULT NULL,
  PRIMARY KEY (`id`),
  UNIQUE KEY `roles_name_unique` (`name`)
) ENGINE=InnoDB AUTO_INCREMENT=4 DEFAULT CHARSET=utf8 COLLATE=utf8_unicode_ci;
/*!40101 SET character_set_client = @saved_cs_client */;

--
-- Dumping data for table `roles`
--

LOCK TABLES `roles` WRITE;
/*!40000 ALTER TABLE `roles` DISABLE KEYS */;
INSERT INTO `roles` VALUES (1,'Administrator','Person who has all the permissions'),(2,'Project Manager','Person who has permissions to create projects and use them'),(3,'User','Person who has minimum permisions');
/*!40000 ALTER TABLE `roles` ENABLE KEYS */;
UNLOCK TABLES;

--
-- Table structure for table `settings`
--

DROP TABLE IF EXISTS `settings`;
/*!40101 SET @saved_cs_client     = @@character_set_client */;
/*!40101 SET character_set_client = utf8 */;
CREATE TABLE `settings` (
  `name` varchar(255) COLLATE utf8_unicode_ci NOT NULL,
  `data` varchar(500) COLLATE utf8_unicode_ci NOT NULL,
  UNIQUE KEY `settings_name_unique` (`name`)
) ENGINE=InnoDB DEFAULT CHARSET=utf8 COLLATE=utf8_unicode_ci;
/*!40101 SET character_set_client = @saved_cs_client */;

--
-- Dumping data for table `settings`
--

LOCK TABLES `settings` WRITE;
/*!40000 ALTER TABLE `settings` DISABLE KEYS */;
INSERT INTO `settings` VALUES ('description','Project management website 2'),('footer','Project management © 2013'),('title','Project');
/*!40000 ALTER TABLE `settings` ENABLE KEYS */;
UNLOCK TABLES;

--
-- Table structure for table `tasks`
--

DROP TABLE IF EXISTS `tasks`;
/*!40101 SET @saved_cs_client     = @@character_set_client */;
/*!40101 SET character_set_client = utf8 */;
CREATE TABLE `tasks` (
  `id` int(10) unsigned NOT NULL AUTO_INCREMENT,
  `user_id` int(10) unsigned NOT NULL,
  `project_id` int(10) unsigned NOT NULL,
  `milestone_id` int(10) unsigned DEFAULT NULL,
  `title` varchar(255) COLLATE utf8_unicode_ci NOT NULL,
  `description` text COLLATE utf8_unicode_ci,
  `finished` tinyint(4) NOT NULL DEFAULT '0',
  `priority` enum('Highest','High','Normal','Low','Lowest') COLLATE utf8_unicode_ci NOT NULL,
  `starts` date DEFAULT NULL,
  `ends` date DEFAULT NULL,
  `created_at` timestamp NOT NULL DEFAULT '0000-00-00 00:00:00',
  `updated_at` timestamp NOT NULL DEFAULT '0000-00-00 00:00:00',
  PRIMARY KEY (`id`)
) ENGINE=InnoDB AUTO_INCREMENT=54 DEFAULT CHARSET=utf8 COLLATE=utf8_unicode_ci;
/*!40101 SET character_set_client = @saved_cs_client */;

--
-- Dumping data for table `tasks`
--

LOCK TABLES `tasks` WRITE;
/*!40000 ALTER TABLE `tasks` DISABLE KEYS */;
INSERT INTO `tasks` VALUES (28,1,21,59,'Task 1','',0,'High',NULL,'2013-05-16','2013-05-02 21:36:25','2013-05-02 21:36:25'),(29,1,31,61,'Sketch prototype','Few prototype images needs to be created',0,'Normal',NULL,'2013-05-16','2013-05-03 08:11:55','2013-05-03 08:13:02'),(30,1,31,0,'Test task 1','Lorem ipsum dolor sit amet, consectetur adipiscing elit. Proin a varius risus. Sed sit amet justo sit amet sapien consectetur imperdiet. Curabitur vel tortor tellus. Phasellus eget dolor id mi auctor hendrerit. Etiam tincidunt tortor eu massa volutpat egestas. Integer pharetra ullamcorper tortor. Duis fermentum, mi nec elementum adipiscing, nisl lacus ornare lorem, nec venenatis odio lacus vitae tellus. Vivamus mattis neque in leo sagittis non ornare massa eleifend. Pellentesque non sem lacus, sed sodales tortor. Nam non leo nisi, ac tempus dolor. Aenean accumsan vulputate laoreet. Nullam porttitor blandit enim, quis luctus arcu vehicula vel.\r\n<br><br>\r\nNullam eget arcu in elit malesuada vestibulum. Vivamus augue sapien, ultrices et tempor ac, semper eu diam. Quisque vehicula nisl sed dui pellentesque dignissim. Phasellus rutrum mi sed mauris rhoncus dignissim mattis nunc ultricies. Ut blandit, metus ut aliquet blandit, enim mauris vehicula arcu, eu semper elit ipsum eget diam. Proin pretium, libero vel accumsan scelerisque, arcu tellus tristique ante, eu rhoncus enim tellus lacinia ante. Ut tincidunt mattis ornare. Donec eu libero massa. In sollicitudin risus eget ipsum rhoncus molestie. Phasellus eget augue sem, eget ultricies enim.',0,'Normal',NULL,NULL,'2013-05-03 08:14:30','2013-05-03 08:15:24'),(31,1,31,0,'Test task 2','Lorem ipsum dolor sit amet, consectetur adipiscing elit. Proin a varius risus. Sed sit amet justo sit amet sapien consectetur imperdiet. Curabitur vel tortor tellus. Phasellus eget dolor id mi auctor hendrerit. Etiam tincidunt tortor eu massa volutpat egestas. Integer pharetra ullamcorper tortor. Duis fermentum, mi nec elementum adipiscing, nisl lacus ornare lorem, nec venenatis odio lacus vitae tellus. Vivamus mattis neque in leo sagittis non ornare massa eleifend. Pellentesque non sem lacus, sed sodales tortor. Nam non leo nisi, ac tempus dolor. Aenean accumsan vulputate laoreet. Nullam porttitor blandit enim, quis luctus arcu vehicula vel.\r\n\r\nNullam eget arcu in elit malesuada vestibulum. Vivamus augue sapien, ultrices et tempor ac, semper eu diam. Quisque vehicula nisl sed dui pellentesque dignissim. Phasellus rutrum mi sed mauris rhoncus dignissim mattis nunc ultricies. Ut blandit, metus ut aliquet blandit, enim mauris vehicula arcu, eu semper elit ipsum eget diam. Proin pretium, libero vel accumsan scelerisque, arcu tellus tristique ante, eu rhoncus enim tellus lacinia ante. Ut tincidunt mattis ornare. Donec eu libero massa. In sollicitudin risus eget ipsum rhoncus molestie. Phasellus eget augue sem, eget ultricies enim.',0,'Normal',NULL,NULL,'2013-05-03 08:15:02','2013-05-03 08:15:02'),(32,1,31,0,'Test task 3','Lorem ipsum dolor sit amet, consectetur adipiscing elit. Proin a varius risus. Sed sit amet justo sit amet sapien consectetur imperdiet. Curabitur vel tortor tellus. Phasellus eget dolor id mi auctor hendrerit. Etiam tincidunt tortor eu massa volutpat egestas. Integer pharetra ullamcorper tortor. Duis fermentum, mi nec elementum adipiscing, nisl lacus ornare lorem, nec venenatis odio lacus vitae tellus. Vivamus mattis neque in leo sagittis non ornare massa eleifend. Pellentesque non sem lacus, sed sodales tortor. Nam non leo nisi, ac tempus dolor. Aenean accumsan vulputate laoreet. Nullam porttitor blandit enim, quis luctus arcu vehicula vel.\r\n\r\nNullam eget arcu in elit malesuada vestibulum. Vivamus augue sapien, ultrices et tempor ac, semper eu diam. Quisque vehicula nisl sed dui pellentesque dignissim. Phasellus rutrum mi sed mauris rhoncus dignissim mattis nunc ultricies. Ut blandit, metus ut aliquet blandit, enim mauris vehicula arcu, eu semper elit ipsum eget diam. Proin pretium, libero vel accumsan scelerisque, arcu tellus tristique ante, eu rhoncus enim tellus lacinia ante. Ut tincidunt mattis ornare. Donec eu libero massa. In sollicitudin risus eget ipsum rhoncus molestie. Phasellus eget augue sem, eget ultricies enim.',0,'Normal',NULL,NULL,'2013-05-03 08:15:16','2013-05-03 08:15:16'),(33,1,31,61,'Test Task 5','Lorem ipsum dolor sit amet, consectetur adipiscing elit. Proin a varius risus. Sed sit amet justo sit amet sapien consectetur imperdiet. Curabitur vel tortor tellus. Phasellus eget dolor id mi auctor hendrerit. Etiam tincidunt tortor eu massa volutpat egestas. Integer pharetra ullamcorper tortor. Duis fermentum, mi nec elementum adipiscing, nisl lacus ornare lorem, nec venenatis odio lacus vitae tellus. Vivamus mattis neque in leo sagittis non ornare massa eleifend. Pellentesque non sem lacus, sed sodales tortor. Nam non leo nisi, ac tempus dolor. Aenean accumsan vulputate laoreet. Nullam porttitor blandit enim, quis luctus arcu vehicula vel.\r\n\r\nNullam eget arcu in elit malesuada vestibulum. Vivamus augue sapien, ultrices et tempor ac, semper eu diam. Quisque vehicula nisl sed dui pellentesque dignissim. Phasellus rutrum mi sed mauris rhoncus dignissim mattis nunc ultricies. Ut blandit, metus ut aliquet blandit, enim mauris vehicula arcu, eu semper elit ipsum eget diam. Proin pretium, libero vel accumsan scelerisque, arcu tellus tristique ante, eu rhoncus enim tellus lacinia ante. Ut tincidunt mattis ornare. Donec eu libero massa. In sollicitudin risus eget ipsum rhoncus molestie. Phasellus eget augue sem, eget ultricies enim.',0,'Normal',NULL,NULL,'2013-05-03 08:16:05','2013-05-03 09:04:48'),(34,1,31,62,'Test Task 5','Lorem ipsum dolor sit amet, consectetur adipiscing elit. Proin a varius risus. Sed sit amet justo sit amet sapien consectetur imperdiet. Curabitur vel tortor tellus. Phasellus eget dolor id mi auctor hendrerit. Etiam tincidunt tortor eu massa volutpat egestas. Integer pharetra ullamcorper tortor. Duis fermentum, mi nec elementum adipiscing, nisl lacus ornare lorem, nec venenatis odio lacus vitae tellus. Vivamus mattis neque in leo sagittis non ornare massa eleifend. Pellentesque non sem lacus, sed sodales tortor. Nam non leo nisi, ac tempus dolor. Aenean accumsan vulputate laoreet. Nullam porttitor blandit enim, quis luctus arcu vehicula vel.\r\n\r\nNullam eget arcu in elit malesuada vestibulum. Vivamus augue sapien, ultrices et tempor ac, semper eu diam. Quisque vehicula nisl sed dui pellentesque dignissim. Phasellus rutrum mi sed mauris rhoncus dignissim mattis nunc ultricies. Ut blandit, metus ut aliquet blandit, enim mauris vehicula arcu, eu semper elit ipsum eget diam. Proin pretium, libero vel accumsan scelerisque, arcu tellus tristique ante, eu rhoncus enim tellus lacinia ante. Ut tincidunt mattis ornare. Donec eu libero massa. In sollicitudin risus eget ipsum rhoncus molestie. Phasellus eget augue sem, eget ultricies enim.',0,'Normal',NULL,NULL,'2013-05-03 08:16:17','2013-05-03 09:05:03'),(35,1,31,0,'Test Task 6','Lorem ipsum dolor sit amet, consectetur adipiscing elit. Proin a varius risus. Sed sit amet justo sit amet sapien consectetur imperdiet. Curabitur vel tortor tellus. Phasellus eget dolor id mi auctor hendrerit. Etiam tincidunt tortor eu massa volutpat egestas. Integer pharetra ullamcorper tortor. Duis fermentum, mi nec elementum adipiscing, nisl lacus ornare lorem, nec venenatis odio lacus vitae tellus. Vivamus mattis neque in leo sagittis non ornare massa eleifend. Pellentesque non sem lacus, sed sodales tortor. Nam non leo nisi, ac tempus dolor. Aenean accumsan vulputate laoreet. Nullam porttitor blandit enim, quis luctus arcu vehicula vel.\r\n\r\nNullam eget arcu in elit malesuada vestibulum. Vivamus augue sapien, ultrices et tempor ac, semper eu diam. Quisque vehicula nisl sed dui pellentesque dignissim. Phasellus rutrum mi sed mauris rhoncus dignissim mattis nunc ultricies. Ut blandit, metus ut aliquet blandit, enim mauris vehicula arcu, eu semper elit ipsum eget diam. Proin pretium, libero vel accumsan scelerisque, arcu tellus tristique ante, eu rhoncus enim tellus lacinia ante. Ut tincidunt mattis ornare. Donec eu libero massa. In sollicitudin risus eget ipsum rhoncus molestie. Phasellus eget augue sem, eget ultricies enim.',0,'Normal',NULL,NULL,'2013-05-03 08:16:27','2013-05-03 08:16:27'),(36,1,31,0,'Test Task 8','',0,'Normal',NULL,NULL,'2013-05-03 08:16:36','2013-05-03 08:16:36'),(37,1,31,0,'Test Task 9','',0,'Normal',NULL,'2013-05-29','2013-05-03 08:16:44','2013-05-03 09:28:26'),(38,1,31,62,'Test Task 10','',1,'Normal',NULL,NULL,'2013-05-03 08:16:51','2013-05-03 09:05:12'),(39,1,31,0,'Test Task 11','',1,'Normal',NULL,NULL,'2013-05-03 08:16:59','2013-05-03 08:22:16'),(40,1,31,0,'Test Task 12','',1,'Normal',NULL,NULL,'2013-05-03 08:17:05','2013-05-03 08:22:23'),(41,9,31,0,'Test Task 13','',1,'Normal',NULL,NULL,'2013-05-03 08:21:14','2013-05-03 08:22:15'),(42,1,31,62,'Test Task 14','',0,'Normal',NULL,NULL,'2013-05-03 08:21:21','2013-05-03 08:55:58'),(43,9,31,61,'Test Task 15','',1,'Normal',NULL,NULL,'2013-05-03 08:21:31','2013-05-03 08:58:28'),(44,1,31,0,'Test Task 16','yes',1,'Normal',NULL,NULL,'2013-05-03 08:21:41','2013-05-03 08:52:16'),(45,9,31,62,'test task 17','',0,'Normal',NULL,NULL,'2013-05-03 08:21:51','2013-05-03 09:04:20'),(46,9,31,0,'test task 19','',0,'Normal',NULL,NULL,'2013-05-03 08:22:00','2013-05-03 08:22:00'),(47,9,31,0,'Test task 20','',0,'Normal',NULL,NULL,'2013-05-03 08:22:39','2013-05-03 08:22:39'),(48,9,31,0,'Test task 21','',0,'Normal',NULL,NULL,'2013-05-03 08:22:51','2013-05-03 08:22:51'),(49,1,31,0,'Increase performance','Lorem ipsum dolor sit amet, consectetur adipiscing elit. Proin a varius risus. Sed sit amet justo sit amet sapien consectetur imperdiet. Curabitur vel tortor tellus. Phasellus eget dolor id mi auctor hendrerit. Etiam tincidunt tortor eu massa volutpat egestas. Integer pharetra ullamcorper tortor. Duis fermentum, mi nec elementum adipiscing, nisl lacus ornare lorem, nec venenatis odio lacus vitae tellus. Vivamus mattis neque in leo sagittis non ornare massa eleifend. Pellentesque non sem lacus, sed sodales tortor. Nam non leo nisi, ac tempus dolor. Aenean accumsan vulputate laoreet. Nullam porttitor blandit enim, quis luctus arcu vehicula vel.\r\n<br><br>\r\nNullam eget arcu in elit malesuada vestibulum. Vivamus augue sapien, ultrices et tempor ac, semper eu diam. Quisque vehicula nisl sed dui pellentesque dignissim. Phasellus rutrum mi sed mauris rhoncus dignissim mattis nunc ultricies. Ut blandit, metus ut aliquet blandit, enim mauris vehicula arcu, eu semper elit ipsum eget diam. Proin pretium, libero vel accumsan scelerisque, arcu tellus tristique ante, eu rhoncus enim tellus lacinia ante. Ut tincidunt mattis ornare. Donec eu libero massa. In sollicitudin risus eget ipsum rhoncus molestie. Phasellus eget augue sem, eget ultricies enim.',0,'Highest',NULL,'2013-05-31','2013-05-03 08:23:01','2013-05-03 08:50:34'),(50,1,31,0,'Create Prototype','Lorem ipsum dolor sit amet, consectetur adipiscing elit. Proin a varius risus. Sed sit amet justo sit amet sapien consectetur imperdiet. Curabitur vel tortor tellus. Phasellus eget dolor id mi auctor hendrerit. Etiam tincidunt tortor eu massa volutpat egestas. Integer pharetra ullamcorper tortor. Duis fermentum, mi nec elementum adipiscing, nisl lacus ornare lorem, nec venenatis odio lacus vitae tellus. Vivamus mattis neque in leo sagittis non ornare massa eleifend. Pellentesque non sem lacus, sed sodales tortor. Nam non leo nisi, ac tempus dolor. Aenean accumsan vulputate laoreet. Nullam porttitor blandit enim, quis luctus arcu vehicula vel.\r\n<br><br>\r\nNullam eget arcu in elit malesuada vestibulum. Vivamus augue sapien, ultrices et tempor ac, semper eu diam. Quisque vehicula nisl sed dui pellentesque dignissim. Phasellus rutrum mi sed mauris rhoncus dignissim mattis nunc ultricies. Ut blandit, metus ut aliquet blandit, enim mauris vehicula arcu, eu semper elit ipsum eget diam. Proin pretium, libero vel accumsan scelerisque, arcu tellus tristique ante, eu rhoncus enim tellus lacinia ante. Ut tincidunt mattis ornare. Donec eu libero massa. In sollicitudin risus eget ipsum rhoncus molestie. Phasellus eget augue sem, eget ultricies enim.',0,'High',NULL,'2013-05-22','2013-05-03 08:23:11','2013-05-03 08:25:26'),(51,1,31,62,'Increase Size','Lorem ipsum dolor sit amet, consectetur adipiscing elit. Cras sodales dapibus imperdiet. Donec vestibulum luctus velit, nec sodales quam faucibus nec. Nam sed sapien vitae urna ornare luctus. Quisque convallis, sapien a commodo ultrices, sapien leo consequat turpis, vel rutrum mi urna sit amet elit. Nulla facilisi. Donec nec elit et mi varius ultrices. In varius ipsum nec urna suscipit sed venenatis dolor vulputate. Maecenas eget nisi quis dolor sagittis ornare consectetur sit amet est. Nam vulputate bibendum aliquam. Nunc nec varius arcu. Nunc sit amet mi dui, vel pharetra ipsum. Mauris aliquam dolor libero. Nulla faucibus, arcu in hendrerit euismod, elit sem vestibulum sapien, ac luctus magna tellus at lectus. Aliquam ut eros quis lectus facilisis egestas.\r\n<br><br>\r\nMaecenas vestibulum porta tincidunt. Curabitur pretium vehicula nisi, eget dignissim turpis malesuada vitae. Vestibulum sodales risus id nulla dignissim convallis. Phasellus eu nisl sapien, vel pretium nunc. Etiam vitae sem enim, in commodo dolor. Vivamus erat leo, fermentum ac porttitor gravida, porta eget orci. Cras sed magna venenatis magna sollicitudin pulvinar. Donec quis placerat tellus. Nunc ullamcorper porta nulla a venenatis.',1,'Normal',NULL,'2013-05-31','2013-05-03 08:56:46','2013-05-03 12:10:13'),(52,1,31,61,'New Task','Lorem ipsum dolor sit amet, consectetur adipiscing elit. Praesent id nulla lorem, non dapibus urna. Sed sed bibendum erat. Fusce sit amet sapien ut justo interdum laoreet sed at dolor. Pellentesque orci turpis, auctor vitae dapibus in, placerat ac dolor. Nunc dapibus, augue eu lacinia tincidunt, tortor dolor placerat velit, at ullamcorper quam sapien quis magna. Etiam semper posuere dictum. Cras a eros lectus. Cras in est purus, id ornare nibh. Aenean nec urna ligula. In eget scelerisque turpis. Integer pretium iaculis volutpat.',0,'Normal',NULL,'2013-05-31','2013-05-03 12:14:46','2013-05-03 12:14:46'),(53,18,31,0,'new task','',0,'Normal',NULL,NULL,'2013-05-03 12:19:39','2013-05-03 12:19:39');
/*!40000 ALTER TABLE `tasks` ENABLE KEYS */;
UNLOCK TABLES;

--
-- Table structure for table `threads`
--

DROP TABLE IF EXISTS `threads`;
/*!40101 SET @saved_cs_client     = @@character_set_client */;
/*!40101 SET character_set_client = utf8 */;
CREATE TABLE `threads` (
  `id` int(10) unsigned NOT NULL AUTO_INCREMENT,
  `user_id` int(10) unsigned NOT NULL,
  `project_id` int(10) unsigned NOT NULL,
  `title` varchar(255) COLLATE utf8_unicode_ci NOT NULL,
  `content` text COLLATE utf8_unicode_ci NOT NULL,
  `created_at` timestamp NOT NULL DEFAULT '0000-00-00 00:00:00',
  `updated_at` timestamp NOT NULL DEFAULT '0000-00-00 00:00:00',
  PRIMARY KEY (`id`),
  KEY `threads_user_id_index` (`user_id`),
  KEY `threads_project_id_index` (`project_id`)
) ENGINE=InnoDB AUTO_INCREMENT=19 DEFAULT CHARSET=utf8 COLLATE=utf8_unicode_ci;
/*!40101 SET character_set_client = @saved_cs_client */;

--
-- Dumping data for table `threads`
--

LOCK TABLES `threads` WRITE;
/*!40000 ALTER TABLE `threads` DISABLE KEYS */;
INSERT INTO `threads` VALUES (1,15,19,' sdgb','sdgb','2013-04-16 10:16:06','2013-04-18 09:51:04'),(2,1,21,'New Thread','This is my new Thread !','2013-05-02 21:53:38','2013-05-02 21:53:38'),(3,1,31,'New Discussion','mhm','2013-05-03 08:17:24','2013-05-03 08:17:24'),(4,1,31,'Discussion 2','Lorem ipsum dolor sit amet, consectetur adipiscing elit. Cras sodales dapibus imperdiet. Donec vestibulum luctus velit, nec sodales quam faucibus nec. Nam sed sapien vitae urna ornare luctus. Quisque convallis, sapien a commodo ultrices, sapien leo consequat turpis, vel rutrum mi urna sit amet elit. Nulla facilisi. Donec nec elit et mi varius ultrices. In varius ipsum nec urna suscipit sed venenatis dolor vulputate. Maecenas eget nisi quis dolor sagittis ornare consectetur sit amet est. Nam vulputate bibendum aliquam. Nunc nec varius arcu. Nunc sit amet mi dui, vel pharetra ipsum. Mauris aliquam dolor libero. Nulla faucibus, arcu in hendrerit euismod, elit sem vestibulum sapien, ac luctus magna tellus at lectus. Aliquam ut eros quis lectus facilisis egestas.','2013-05-03 09:34:00','2013-05-03 09:34:00'),(5,1,31,'Discussion 3','Lorem ipsum dolor sit amet, consectetur adipiscing elit. Cras sodales dapibus imperdiet. Donec vestibulum luctus velit, nec sodales quam faucibus nec. Nam sed sapien vitae urna ornare luctus. Quisque convallis, sapien a commodo ultrices, sapien leo consequat turpis, vel rutrum mi urna sit amet elit. Nulla facilisi. Donec nec elit et mi varius ultrices. In varius ipsum nec urna suscipit sed venenatis dolor vulputate. Maecenas eget nisi quis dolor sagittis ornare consectetur sit amet est. Nam vulputate bibendum aliquam. Nunc nec varius arcu. Nunc sit amet mi dui, vel pharetra ipsum. Mauris aliquam dolor libero. Nulla faucibus, arcu in hendrerit euismod, elit sem vestibulum sapien, ac luctus magna tellus at lectus. Aliquam ut eros quis lectus facilisis egestas.','2013-05-03 09:34:09','2013-05-03 09:34:09'),(6,1,31,'Discussion 4','Lorem ipsum dolor sit amet, consectetur adipiscing elit. Cras sodales dapibus imperdiet. Donec vestibulum luctus velit, nec sodales quam faucibus nec. Nam sed sapien vitae urna ornare luctus. Quisque convallis, sapien a commodo ultrices, sapien leo consequat turpis, vel rutrum mi urna sit amet elit. Nulla facilisi. Donec nec elit et mi varius ultrices. In varius ipsum nec urna suscipit sed venenatis dolor vulputate. Maecenas eget nisi quis dolor sagittis ornare consectetur sit amet est. Nam vulputate bibendum aliquam. Nunc nec varius arcu. Nunc sit amet mi dui, vel pharetra ipsum. Mauris aliquam dolor libero. Nulla faucibus, arcu in hendrerit euismod, elit sem vestibulum sapien, ac luctus magna tellus at lectus. Aliquam ut eros quis lectus facilisis egestas.','2013-05-03 09:34:18','2013-05-03 09:34:18'),(7,1,31,'Discussion 5','Lorem ipsum dolor sit amet, consectetur adipiscing elit. Cras sodales dapibus imperdiet. Donec vestibulum luctus velit, nec sodales quam faucibus nec. Nam sed sapien vitae urna ornare luctus. Quisque convallis, sapien a commodo ultrices, sapien leo consequat turpis, vel rutrum mi urna sit amet elit. Nulla facilisi. Donec nec elit et mi varius ultrices. In varius ipsum nec urna suscipit sed venenatis dolor vulputate. Maecenas eget nisi quis dolor sagittis ornare consectetur sit amet est. Nam vulputate bibendum aliquam. Nunc nec varius arcu. Nunc sit amet mi dui, vel pharetra ipsum. Mauris aliquam dolor libero. Nulla faucibus, arcu in hendrerit euismod, elit sem vestibulum sapien, ac luctus magna tellus at lectus. Aliquam ut eros quis lectus facilisis egestas.','2013-05-03 09:34:27','2013-05-03 09:34:27'),(8,1,31,'Discussion 6','Lorem ipsum dolor sit amet, consectetur adipiscing elit. Cras sodales dapibus imperdiet. Donec vestibulum luctus velit, nec sodales quam faucibus nec. Nam sed sapien vitae urna ornare luctus. Quisque convallis, sapien a commodo ultrices, sapien leo consequat turpis, vel rutrum mi urna sit amet elit. Nulla facilisi. Donec nec elit et mi varius ultrices. In varius ipsum nec urna suscipit sed venenatis dolor vulputate. Maecenas eget nisi quis dolor sagittis ornare consectetur sit amet est. Nam vulputate bibendum aliquam. Nunc nec varius arcu. Nunc sit amet mi dui, vel pharetra ipsum. Mauris aliquam dolor libero. Nulla faucibus, arcu in hendrerit euismod, elit sem vestibulum sapien, ac luctus magna tellus at lectus. Aliquam ut eros quis lectus facilisis egestas.','2013-05-03 09:34:35','2013-05-03 09:34:35'),(9,1,31,'  Discussion 7','Lorem ipsum dolor sit amet, consectetur adipiscing elit. Cras sodales dapibus imperdiet. Donec vestibulum luctus velit, nec sodales quam faucibus nec. Nam sed sapien vitae urna ornare luctus. Quisque convallis, sapien a commodo ultrices, sapien leo consequat turpis, vel rutrum mi urna sit amet elit. Nulla facilisi. Donec nec elit et mi varius ultrices. In varius ipsum nec urna suscipit sed venenatis dolor vulputate. Maecenas eget nisi quis dolor sagittis ornare consectetur sit amet est. Nam vulputate bibendum aliquam. Nunc nec varius arcu. Nunc sit amet mi dui, vel pharetra ipsum. Mauris aliquam dolor libero. Nulla faucibus, arcu in hendrerit euismod, elit sem vestibulum sapien, ac luctus magna tellus at lectus. Aliquam ut eros quis lectus facilisis egestas. ','2013-05-03 09:35:01','2013-05-03 09:35:27'),(10,1,31,'Discussion 8','Lorem ipsum dolor sit amet, consectetur adipiscing elit. Cras sodales dapibus imperdiet. Donec vestibulum luctus velit, nec sodales quam faucibus nec. Nam sed sapien vitae urna ornare luctus. Quisque convallis, sapien a commodo ultrices, sapien leo consequat turpis, vel rutrum mi urna sit amet elit. Nulla facilisi. Donec nec elit et mi varius ultrices. In varius ipsum nec urna suscipit sed venenatis dolor vulputate. Maecenas eget nisi quis dolor sagittis ornare consectetur sit amet est. Nam vulputate bibendum aliquam. Nunc nec varius arcu. Nunc sit amet mi dui, vel pharetra ipsum. Mauris aliquam dolor libero. Nulla faucibus, arcu in hendrerit euismod, elit sem vestibulum sapien, ac luctus magna tellus at lectus. Aliquam ut eros quis lectus facilisis egestas.','2013-05-03 09:35:38','2013-05-03 09:35:38'),(11,1,31,'Discussion 9','Lorem ipsum dolor sit amet, consectetur adipiscing elit. Cras sodales dapibus imperdiet. Donec vestibulum luctus velit, nec sodales quam faucibus nec. Nam sed sapien vitae urna ornare luctus. Quisque convallis, sapien a commodo ultrices, sapien leo consequat turpis, vel rutrum mi urna sit amet elit. Nulla facilisi. Donec nec elit et mi varius ultrices. In varius ipsum nec urna suscipit sed venenatis dolor vulputate. Maecenas eget nisi quis dolor sagittis ornare consectetur sit amet est. Nam vulputate bibendum aliquam. Nunc nec varius arcu. Nunc sit amet mi dui, vel pharetra ipsum. Mauris aliquam dolor libero. Nulla faucibus, arcu in hendrerit euismod, elit sem vestibulum sapien, ac luctus magna tellus at lectus. Aliquam ut eros quis lectus facilisis egestas.','2013-05-03 09:35:48','2013-05-03 09:35:48'),(12,1,31,'Discussion 10','Lorem ipsum dolor sit amet, consectetur adipiscing elit. Cras sodales dapibus imperdiet. Donec vestibulum luctus velit, nec sodales quam faucibus nec. Nam sed sapien vitae urna ornare luctus. Quisque convallis, sapien a commodo ultrices, sapien leo consequat turpis, vel rutrum mi urna sit amet elit. Nulla facilisi. Donec nec elit et mi varius ultrices. In varius ipsum nec urna suscipit sed venenatis dolor vulputate. Maecenas eget nisi quis dolor sagittis ornare consectetur sit amet est. Nam vulputate bibendum aliquam. Nunc nec varius arcu. Nunc sit amet mi dui, vel pharetra ipsum. Mauris aliquam dolor libero. Nulla faucibus, arcu in hendrerit euismod, elit sem vestibulum sapien, ac luctus magna tellus at lectus. Aliquam ut eros quis lectus facilisis egestas.','2013-05-03 09:35:59','2013-05-03 09:35:59'),(13,1,31,'Disccusion 11','Lorem ipsum dolor sit amet, consectetur adipiscing elit. Cras sodales dapibus imperdiet. Donec vestibulum luctus velit, nec sodales quam faucibus nec. Nam sed sapien vitae urna ornare luctus. Quisque convallis, sapien a commodo ultrices, sapien leo consequat turpis, vel rutrum mi urna sit amet elit. Nulla facilisi. Donec nec elit et mi varius ultrices. In varius ipsum nec urna suscipit sed venenatis dolor vulputate. Maecenas eget nisi quis dolor sagittis ornare consectetur sit amet est. Nam vulputate bibendum aliquam. Nunc nec varius arcu. Nunc sit amet mi dui, vel pharetra ipsum. Mauris aliquam dolor libero. Nulla faucibus, arcu in hendrerit euismod, elit sem vestibulum sapien, ac luctus magna tellus at lectus. Aliquam ut eros quis lectus facilisis egestas.','2013-05-03 09:36:09','2013-05-03 09:36:09'),(14,1,31,' Are we going to finish ?','Lorem ipsum dolor sit amet, consectetur adipiscing elit. Cras sodales dapibus imperdiet. Donec vestibulum luctus velit, nec sodales quam faucibus nec. Nam sed sapien vitae urna ornare luctus. Quisque convallis, sapien a commodo ultrices, sapien leo consequat turpis, vel rutrum mi urna sit amet elit. Nulla facilisi. Donec nec elit et mi varius ultrices. In varius ipsum nec urna suscipit sed venenatis dolor vulputate. Maecenas eget nisi quis dolor sagittis ornare consectetur sit amet est. Nam vulputate bibendum aliquam. Nunc nec varius arcu. Nunc sit amet mi dui, vel pharetra ipsum. Mauris aliquam dolor libero. Nulla faucibus, arcu in hendrerit euismod, elit sem vestibulum sapien, ac luctus magna tellus at lectus. Aliquam ut eros quis lectus facilisis egestas.','2013-05-03 09:36:18','2013-05-03 10:03:47'),(15,1,31,' Discussion 13','Lorem ipsum dolor sit amet, consectetur adipiscing elit. Cras sodales dapibus imperdiet. Donec vestibulum luctus velit, nec sodales quam faucibus nec. Nam sed sapien vitae urna ornare luctus. Quisque convallis, sapien a commodo ultrices, sapien leo consequat turpis, vel rutrum mi urna sit amet elit. Nulla facilisi. Donec nec elit et mi varius ultrices. In varius ipsum nec urna suscipit sed venenatis dolor vulputate. Maecenas eget nisi quis dolor sagittis ornare consectetur sit amet est. Nam vulputate bibendum aliquam. Nunc nec varius arcu. Nunc sit amet mi dui, vel pharetra ipsum. Mauris aliquam dolor libero. Nulla faucibus, arcu in hendrerit euismod, elit sem vestibulum sapien, ac luctus magna tellus at lectus. Aliquam ut eros quis lectus facilisis egestas.','2013-05-03 09:36:29','2013-05-03 09:36:38'),(16,1,31,'Prototype example','Lorem ipsum dolor sit amet, consectetur adipiscing elit. Cras sodales dapibus imperdiet. Donec vestibulum luctus velit, nec sodales quam faucibus nec. Nam sed sapien vitae urna ornare luctus. Quisque convallis, sapien a commodo ultrices, sapien leo consequat turpis, vel rutrum mi urna sit amet elit. Nulla facilisi. Donec nec elit et mi varius ultrices. In varius ipsum nec urna suscipit sed venenatis dolor vulputate. Maecenas eget nisi quis dolor sagittis ornare consectetur sit amet est. Nam vulputate bibendum aliquam. Nunc nec varius arcu. Nunc sit amet mi dui, vel pharetra ipsum. Mauris aliquam dolor libero. Nulla faucibus, arcu in hendrerit euismod, elit sem vestibulum sapien, ac luctus magna tellus at lectus. Aliquam ut eros quis lectus facilisis egestas.','2013-05-03 09:36:50','2013-05-03 10:04:07'),(17,1,31,' Phone Problems','Lorem ipsum dolor sit amet, consectetur adipiscing elit. Cras sodales dapibus imperdiet. Donec vestibulum luctus velit, nec sodales quam faucibus nec. Nam sed sapien vitae urna ornare luctus. Quisque convallis, sapien a commodo ultrices, sapien leo consequat turpis, vel rutrum mi urna sit amet elit. Nulla facilisi. Donec nec elit et mi varius ultrices. In varius ipsum nec urna suscipit sed venenatis dolor vulputate. Maecenas eget nisi quis dolor sagittis ornare consectetur sit amet est. Nam vulputate bibendum aliquam. Nunc nec varius arcu. Nunc sit amet mi dui, vel pharetra ipsum. Mauris aliquam dolor libero. Nulla faucibus, arcu in hendrerit euismod, elit sem vestibulum sapien, ac luctus magna tellus at lectus. Aliquam ut eros quis lectus facilisis egestas.','2013-05-03 09:37:02','2013-05-03 10:03:25'),(18,1,31,' We need to update prototype','Lorem ipsum dolor sit amet, consectetur adipiscing elit. Cras sodales dapibus imperdiet. Donec vestibulum luctus velit, nec sodales quam faucibus nec. Nam sed sapien vitae urna ornare luctus. Quisque convallis, sapien a commodo ultrices, sapien leo consequat turpis, vel rutrum mi urna sit amet elit. Nulla facilisi. Donec nec elit et mi varius ultrices. In varius ipsum nec urna suscipit sed venenatis dolor vulputate. Maecenas eget nisi quis dolor sagittis ornare consectetur sit amet est. Nam vulputate bibendum aliquam. Nunc nec varius arcu. Nunc sit amet mi dui, vel pharetra ipsum. Mauris aliquam dolor libero. Nulla faucibus, arcu in hendrerit euismod, elit sem vestibulum sapien, ac luctus magna tellus at lectus. Aliquam ut eros quis lectus facilisis egestas.','2013-05-03 09:37:19','2013-05-03 10:03:14');
/*!40000 ALTER TABLE `threads` ENABLE KEYS */;
UNLOCK TABLES;

--
-- Table structure for table `users`
--

DROP TABLE IF EXISTS `users`;
/*!40101 SET @saved_cs_client     = @@character_set_client */;
/*!40101 SET character_set_client = utf8 */;
CREATE TABLE `users` (
  `id` int(10) unsigned NOT NULL AUTO_INCREMENT,
  `email` varchar(255) COLLATE utf8_unicode_ci NOT NULL,
  `password` varchar(64) COLLATE utf8_unicode_ci NOT NULL,
  `first_name` varchar(255) COLLATE utf8_unicode_ci NOT NULL,
  `last_name` varchar(255) COLLATE utf8_unicode_ci DEFAULT NULL,
  `mobile_number` varchar(255) COLLATE utf8_unicode_ci DEFAULT NULL,
  `avatar` varchar(255) COLLATE utf8_unicode_ci DEFAULT NULL,
  `location` varchar(255) COLLATE utf8_unicode_ci DEFAULT NULL,
  `occupation` varchar(255) COLLATE utf8_unicode_ci DEFAULT NULL,
  `website` varchar(255) COLLATE utf8_unicode_ci DEFAULT NULL,
  `about` varchar(500) COLLATE utf8_unicode_ci DEFAULT NULL,
  `dob` date DEFAULT NULL,
  `contact_type` enum('AIM','Facebook','Google Talk','ICQ','Jabber','MSN','Skype','Twitter','Yahoo!') COLLATE utf8_unicode_ci DEFAULT NULL,
  `contact_information` varchar(255) COLLATE utf8_unicode_ci DEFAULT NULL,
  `role_id` int(10) unsigned NOT NULL DEFAULT '1',
  `last_activity` datetime NOT NULL,
  `created_at` datetime NOT NULL,
  PRIMARY KEY (`id`),
  UNIQUE KEY `users_email_unique` (`email`)
) ENGINE=InnoDB AUTO_INCREMENT=19 DEFAULT CHARSET=utf8 COLLATE=utf8_unicode_ci;
/*!40101 SET character_set_client = @saved_cs_client */;

--
-- Dumping data for table `users`
--

LOCK TABLES `users` WRITE;
/*!40000 ALTER TABLE `users` DISABLE KEYS */;
INSERT INTO `users` VALUES (1,'screpito@gmail.com','','Sarunas','Tamasauskas','','Sarunas-1.jpeg','Lithuania',NULL,NULL,'asdgsadgsadg asdgasd sa dgas gasd gas ags dsdagasdg asgdgasgd asdgasdg asdg gsa dgsa','1990-12-11','Skype','Sarunas1990',1,'2013-03-19 00:00:00','2013-03-19 00:00:00'),
(7,'r.g.stone@lboro.ac.uk','','Roger','Stone',NULL,NULL,NULL,NULL,NULL,NULL,'1968-04-22',NULL,NULL,1,'0000-00-00 00:00:00','2013-03-19 22:34:07'),
(9,'elject@gmail.comm','','Cheryl','Shealy',NULL,'Cheryl-9.jpeg',NULL,NULL,NULL,NULL,'1960-09-02',NULL,NULL,1,'0000-00-00 00:00:00','2013-03-19 22:38:56'),
(10,'elject@gmail.commm','','Sam','Marsden',NULL,NULL,NULL,NULL,NULL,NULL,NULL,NULL,NULL,1,'0000-00-00 00:00:00','2013-03-19 22:50:21'),
(11,'asdfasd@asd.lt','','Leo','Higgins',NULL,NULL,NULL,NULL,NULL,NULL,NULL,NULL,NULL,1,'0000-00-00 00:00:00','2013-03-19 23:02:12'),
(12,'asdfasd@asd.ltt','','Declan','Reynolds',NULL,NULL,NULL,NULL,NULL,NULL,NULL,NULL,NULL,1,'0000-00-00 00:00:00','2013-03-19 23:02:47'),
(13,'asdfasd@sasd.ltts','','Sean','Atkins',NULL,NULL,NULL,NULL,NULL,NULL,NULL,NULL,NULL,1,'0000-00-00 00:00:00','2013-03-19 23:02:53'),
(14,'asdfsadf@Asdf.lt','','Dylan','Thomson',NULL,NULL,NULL,NULL,NULL,NULL,NULL,NULL,NULL,1,'0000-00-00 00:00:00','2013-03-19 23:11:18'),
(15,'elject@gmail.com','','Andrius','Tamasauskas',NULL,NULL,NULL,NULL,NULL,NULL,NULL,NULL,NULL,1,'0000-00-00 00:00:00','2013-03-19 23:13:54'),
(17,'admin@weekendoffice.com','','Demo','Administrator',NULL,NULL,NULL,NULL,NULL,NULL,NULL,NULL,NULL,1,'0000-00-00 00:00:00','2013-05-02 00:34:40'),
(18,'Joe@weekendoffice.com','','Joe','Johnson',NULL,'Joe-18.jpeg',NULL,NULL,NULL,NULL,'1992-04-30',NULL,NULL,3,'0000-00-00 00:00:00','2013-05-03 08:36:20');
/*!40000 ALTER TABLE `users` ENABLE KEYS */;
UNLOCK TABLES;
/*!40103 SET TIME_ZONE=@OLD_TIME_ZONE */;

/*!40101 SET SQL_MODE=@OLD_SQL_MODE */;
/*!40014 SET FOREIGN_KEY_CHECKS=@OLD_FOREIGN_KEY_CHECKS */;
/*!40014 SET UNIQUE_CHECKS=@OLD_UNIQUE_CHECKS */;
/*!40101 SET CHARACTER_SET_CLIENT=@OLD_CHARACTER_SET_CLIENT */;
/*!40101 SET CHARACTER_SET_RESULTS=@OLD_CHARACTER_SET_RESULTS */;
/*!40101 SET COLLATION_CONNECTION=@OLD_COLLATION_CONNECTION */;
/*!40111 SET SQL_NOTES=@OLD_SQL_NOTES */;

-- Dump completed on 2014-09-29 15:28:51
